rank,player,nation,position,team,age,born,ninetys,touches,touches_in_defensive_penalty_area,touches_in_defensive_third,touches_in_middle_third,touches_in_attacking_third,touches_in_attacking_penalty_area,live_ball_touches,take_ons_attempted,take_ons_succeeded,take_on_success_percentage,times_tackled_during_take_on,tackled_during_take_on_percentage,carries,total_carrying_distance,progressive_carrying_distance,progressive_carries,carries_into_final_third,carries_into_penalty_area,miscontrols,dispossessed,passes_received,progressive_passes_received
1,Max Aarons,eng ENG,DF,Bournemouth,24-116,2000,13,672,42,243,288,150,11,672,32,13,40.6,11,34.4,346,2090,1079,21,12,7,11,8,350,25
2,Bénie Adama Traore,ci CIV,"FW,MF",Sheffield Utd,21-151,2002,4.3,112,2,19,49,48,9,112,22,5,22.7,15,68.2,72,462,174,7,5,3,10,7,69,14
3,Tyler Adams,us USA,MF,Bournemouth,25-075,1999,1.2,82,3,22,48,12,3,82,2,1,50,0,0,37,161,104,3,1,1,3,0,44,1
4,Tosin Adarabioyo,eng ENG,DF,Fulham,26-218,1997,18,1390,181,713,631,48,29,1390,3,1,33.3,0,0,817,4560,2661,10,12,1,4,4,1009,5
5,Elijah Adebayo,eng ENG,FW,Luton Town,26-113,1998,13.1,402,24,46,155,206,75,402,55,15,27.3,37,67.3,227,1293,356,14,12,11,57,27,290,90
6,Simon Adingra,ci CIV,FW,Brighton,22-119,2002,20.9,981,24,147,316,534,123,981,107,45,42.1,55,51.4,656,4246,2460,91,40,50,41,26,679,245
7,Nayef Aguerd,ma MAR,DF,West Ham,28-030,1996,20.6,1373,187,709,618,50,21,1373,5,3,60,2,40,861,4211,2388,10,8,0,10,2,912,3
8,Brandon Aguilera,cr CRC,FW,Nott'ham Forest,20-306,2003,0.1,11,1,3,4,4,0,11,0,0,,0,,4,16,12,0,1,0,0,0,6,1
9,Naouirou Ahamada,fr FRA,"MF,FW",Crystal Palace,22-031,2002,3.1,197,4,39,94,67,7,197,12,7,58.3,4,33.3,129,867,412,17,6,4,7,8,144,18
10,Anel Ahmedhodžić,ba BIH,DF,Sheffield Utd,25-034,1999,27.4,1235,212,673,474,96,32,1235,18,10,55.6,7,38.9,552,3142,1717,13,13,3,13,10,637,19
11,Ola Aina,ng NGA,DF,Nott'ham Forest,27-204,1996,16.8,885,59,312,387,195,11,885,40,23,57.5,13,32.5,424,2708,1556,44,23,10,17,10,470,33
12,Rayan Aït-Nouri,dz ALG,"DF,MF",Wolves,22-328,2001,23.4,1392,49,367,635,417,46,1392,107,56,52.3,37,34.6,802,4474,2206,61,45,8,48,49,924,87
13,Kristoffer Ajer,no NOR,DF,Brentford,26-012,1998,19.2,963,109,403,420,143,56,963,10,8,80,2,20,417,2165,1305,20,10,5,15,6,520,31
14,Manuel Akanji,ch SUI,"DF,MF",Manchester City,28-285,1995,24.1,2213,146,674,1187,363,22,2213,4,2,50,2,50,1439,7316,4407,41,47,3,12,6,1722,34
15,Nathan Aké,nl NED,DF,Manchester City,29-071,1995,21.5,1911,99,597,1044,275,37,1911,10,5,50,3,30,1210,5582,3219,23,39,1,7,2,1414,17
16,Thiago Alcántara,es ESP,MF,Liverpool,33-018,1991,0.1,10,0,4,5,1,0,10,0,0,,0,,9,33,15,0,0,0,0,0,9,0
17,Trent Alexander-Arnold,eng ENG,DF,Liverpool,25-205,1998,21.2,2073,71,463,1119,511,23,2073,48,28,58.3,17,35.4,1138,5258,2532,39,44,5,26,6,1350,86
18,Alisson,br BRA,GK,Liverpool,31-210,1992,25,1103,686,1053,51,0,0,1103,0,0,,0,,794,3506,2261,0,0,0,4,0,707,0
19,Miguel Almirón,py PAR,FW,Newcastle Utd,30-079,1994,20.5,982,24,132,406,457,83,982,48,21,43.8,21,43.8,621,4260,2167,77,41,21,29,25,701,157
20,Edson Álvarez,mx MEX,MF,West Ham,26-188,1997,25.7,1559,148,545,835,200,15,1559,42,27,64.3,14,33.3,862,4897,2109,20,27,1,37,30,918,26
21,Julián Álvarez,ar ARG,"MF,FW",Manchester City,24-089,2000,29.2,1537,20,107,466,978,146,1536,42,20,47.6,22,52.4,906,4433,2074,63,59,27,55,35,1092,176
22,Zeki Amdouni,ch SUI,FW,Burnley,23-147,2000,20.8,745,24,92,366,308,64,744,86,29,33.7,45,52.3,442,3088,1547,59,27,19,63,31,482,88
23,Sofyan Amrabat,ma MAR,"MF,DF",Manchester Utd,27-252,1996,7.4,551,29,144,318,94,1,551,8,4,50,2,25,343,1719,723,5,7,0,6,7,380,9
24,Joachim Andersen,dk DEN,DF,Crystal Palace,27-334,1996,35,2378,311,1211,1046,132,42,2378,23,14,60.9,6,26.1,1245,6642,3884,21,11,0,11,6,1460,10
25,Elliot Anderson,sct SCO,"MF,FW",Newcastle Utd,21-175,2002,9.2,505,19,88,219,208,34,505,29,13,44.8,14,48.3,277,1773,976,30,18,2,23,19,322,56
26,Jaidon Anthony,eng ENG,FW,Bournemouth,24-150,1999,1.7,69,2,15,27,27,4,69,6,2,33.3,3,50,36,160,77,2,2,0,5,2,40,9
27,Michail Antonio,jm JAM,FW,West Ham,34-032,1990,16.4,483,5,46,203,239,54,483,55,27,49.1,21,38.2,318,2121,1017,45,16,18,67,31,370,96
28,Antony,br BRA,FW,Manchester Utd,24-065,2000,13.8,768,16,98,283,409,58,768,69,26,37.7,31,44.9,526,3513,1795,51,36,23,26,19,543,142
29,Oliver Arblaster,eng ENG,MF,Sheffield Utd,19-360,2004,8.1,411,28,106,248,64,3,411,22,16,72.7,5,22.7,210,1167,512,11,10,2,9,8,223,3
30,Cameron Archer,eng ENG,"FW,MF",Sheffield Utd,22-283,2001,18,509,12,61,185,273,61,509,55,29,52.7,24,43.6,314,1987,904,31,24,19,56,37,344,98
31,Cameron Archer,eng ENG,MF,Aston Villa,22-283,2001,0.1,7,0,1,4,2,0,7,0,0,,0,,5,39,28,1,1,0,1,0,7,0
32,Alphonse Areola,fr FRA,GK,West Ham,31-062,1993,27,887,754,880,7,0,0,887,1,1,100,0,0,444,2856,1766,0,1,0,0,0,308,0
33,Lorenz Assignon,tg TOG,DF,Burnley,23-312,2000,11.2,531,40,174,209,158,23,531,26,12,46.2,12,46.2,217,1494,877,32,11,8,20,11,236,43
34,Serge Aurier,ci CIV,"DF,MF",Nott'ham Forest,31-127,1992,9.3,568,39,165,280,127,13,568,14,3,21.4,11,78.6,249,1039,532,10,15,1,9,8,347,29
35,Taiwo Awoniyi,ng NGA,FW,Nott'ham Forest,26-261,1997,11.4,288,14,30,150,115,43,288,16,8,50,7,43.8,163,735,310,8,6,6,37,11,203,43
36,Jordan Ayew,gh GHA,"FW,MF",Crystal Palace,32-231,1991,28.2,1337,24,182,585,593,95,1337,129,52,40.3,56,43.4,831,5466,2116,74,55,20,85,80,959,173
37,Benoît Badiashile,fr FRA,DF,Chelsea,23-034,2001,10.2,972,117,448,487,40,7,972,1,0,0,0,0,596,2494,1326,1,4,0,4,3,716,2
38,Leon Bailey,jm JAM,"MF,FW",Aston Villa,26-264,1997,21,970,15,138,292,558,121,970,107,51,47.7,45,42.1,669,4929,2368,100,45,41,43,38,716,220
39,George Baldock,gr GRE,DF,Sheffield Utd,31-051,1993,10.8,505,66,200,192,116,9,505,11,6,54.5,4,36.4,238,988,463,9,3,4,9,9,258,24
40,Carlos Baleba,cm CMR,MF,Brighton,20-117,2004,13.5,896,61,242,534,129,5,896,21,11,52.4,5,23.8,532,2690,1321,17,18,1,16,16,623,9
41,Fodé Ballo-Touré,sn SEN,"DF,MF",Fulham,27-117,1997,0.6,83,3,31,36,17,1,83,6,3,50,2,33.3,45,287,163,5,2,1,0,0,47,4
42,Shandon Baptiste,gd GRN,MF,Brentford,26-021,1998,2.5,130,7,41,57,34,6,130,11,6,54.5,5,45.5,64,322,170,3,1,0,8,0,69,1
43,Valentín Barco,ar ARG,"DF,FW",Brighton,19-281,2004,2,128,4,46,40,42,2,128,5,2,40,3,60,83,315,186,6,2,0,3,0,85,10
44,Ross Barkley,eng ENG,MF,Luton Town,30-146,1993,27.7,1684,67,350,959,411,36,1684,98,63,64.3,31,31.6,949,6139,2693,45,45,4,26,51,1047,36
45,Harvey Barnes,eng ENG,"FW,MF",Newcastle Utd,26-142,1997,7.5,296,3,31,101,168,51,296,23,6,26.1,13,56.5,215,1530,944,38,15,21,9,12,229,66
46,Chris Basham,eng ENG,"DF,MF",Sheffield Utd,35-284,1988,3.6,185,26,84,69,32,5,185,4,3,75,1,25,72,320,163,1,4,0,2,2,89,6
47,Calvin Bassey,ng NGA,DF,Fulham,24-120,1999,22.6,1719,260,930,771,37,9,1719,14,11,78.6,2,14.3,1071,5593,2882,13,10,2,12,6,1165,4
48,Owen Beck,wls WAL,DF,Liverpool,21-264,2002,0.1,8,0,3,4,2,0,8,1,0,0,1,100,4,43,1,0,0,0,1,0,4,1
49,Donny van de Beek,nl NED,DF,Manchester Utd,27-011,1997,0,4,0,0,2,2,2,4,0,0,,0,,1,1,0,0,0,0,1,0,1,1
50,Amari'i Bell,jm JAM,DF,Luton Town,29-360,1994,19.1,1070,101,480,486,117,5,1070,27,10,37,15,55.6,584,3640,2020,32,25,1,18,5,607,10
51,Jean-Ricner Bellegarde,fr FRA,"MF,FW",Wolves,25-307,1998,9,425,21,75,174,184,29,425,35,15,42.9,16,45.7,241,1626,756,25,23,5,23,16,265,43
52,Anis Ben Slimane,tn TUN,MF,Sheffield Utd,23-044,2001,4.3,192,14,43,93,59,10,192,15,2,13.3,11,73.3,100,388,136,3,8,3,7,10,107,17
53,Saïd Benrahma,dz ALG,"FW,MF",West Ham,28-263,1995,6.9,355,11,65,128,168,35,354,38,14,36.8,21,55.3,238,1687,790,28,17,15,14,8,245,70
54,Rodrigo Bentancur,uy URU,MF,Tottenham,26-309,1997,8.6,719,31,131,389,201,25,719,18,8,44.4,8,44.4,436,2131,880,11,15,2,14,14,559,29
55,Daniel Bentley,eng ENG,GK,Wolves,30-291,1993,3.3,104,87,104,0,0,0,104,0,0,,0,,43,229,144,0,0,0,0,0,50,0
56,Jóhann Berg Guðmundsson,is ISL,MF,Burnley,33-185,1990,12.4,604,24,105,267,236,24,604,15,4,26.7,7,46.7,338,1607,531,11,13,2,20,13,381,62
57,Sander Berge,no NOR,MF,Burnley,26-075,1998,30.4,1657,121,448,870,354,40,1657,36,18,50,13,36.1,929,5599,2701,57,49,8,22,20,1062,28
58,Luke Berry,eng ENG,"MF,DF",Luton Town,31-292,1992,3.5,132,5,27,65,41,10,132,2,1,50,0,0,49,114,26,1,2,0,5,4,63,6
59,Beto,gw GNB,FW,Everton,26-089,1998,10.4,367,16,30,139,202,62,366,34,15,44.1,16,47.1,178,1005,384,14,9,13,46,21,245,58
60,Jordan Beyer,de GER,DF,Burnley,23-346,2000,13.7,1022,159,570,429,26,8,1022,7,4,57.1,2,28.6,624,3314,2089,9,11,0,5,1,678,1
61,Philip Billing,dk DEN,MF,Bournemouth,27-323,1996,15.1,733,43,136,326,278,60,733,33,12,36.4,18,54.5,357,1714,760,21,23,6,26,17,426,61
62,Yves Bissouma,ml MLI,MF,Tottenham,27-243,1996,20.5,1910,90,418,1118,392,18,1910,45,27,60,10,22.2,1242,6438,2743,41,39,7,29,28,1482,11
63,Benicio Boaitey,eng ENG,"DF,FW",Brighton,20-111,2004,0.2,21,1,6,4,12,0,21,1,1,100,0,0,12,69,12,0,2,0,1,1,16,1
64,Oscar Bobb,no NOR,"FW,MF",Manchester City,20-292,2003,3.3,211,4,12,35,167,26,211,19,11,57.9,7,36.8,134,630,370,12,5,5,6,4,156,37
65,Jayden Bogle,eng ENG,DF,Sheffield Utd,23-277,2000,28,1225,138,477,463,303,49,1225,51,22,43.1,21,41.2,530,3166,1234,31,29,7,48,24,601,81
66,Willy Boly,ci CIV,DF,Nott'ham Forest,33-086,1991,13,759,125,431,278,52,27,759,7,3,42.9,2,28.6,334,1524,769,4,2,1,2,3,392,2
67,Sven Botman,nl NED,DF,Newcastle Utd,24-108,2000,15.3,1154,186,676,450,29,20,1154,2,0,0,2,100,672,2866,1403,0,4,0,5,2,822,5
68,Jarrod Bowen,eng ENG,FW,West Ham,27-131,1996,31.5,1018,20,129,377,533,157,1018,90,31,34.4,52,57.8,616,4456,1989,83,37,43,76,52,690,176
69,Conor Bradley,nir NIR,DF,Liverpool,20-295,2003,8.1,643,14,138,280,236,38,643,29,13,44.8,13,44.8,368,2109,1057,34,28,12,17,10,379,63
70,Jarrad Branthwaite,eng ENG,DF,Everton,21-307,2002,31.6,1619,272,871,699,57,37,1619,8,5,62.5,2,25,697,2902,1442,2,5,1,17,1,807,6
71,Ben Brereton,cl CHI,"FW,MF",Sheffield Utd,25-011,1999,9.5,296,13,40,126,138,40,296,23,10,43.5,12,52.2,178,1114,539,19,12,17,19,14,210,60
72,Rhian Brewster,eng ENG,"FW,MF",Sheffield Utd,24-028,2000,3.4,98,2,9,40,49,15,98,5,0,0,4,80,54,165,65,1,4,3,8,8,72,17
73,Armando Broja,al ALB,FW,Chelsea,22-232,2001,5,167,3,9,56,106,35,167,31,13,41.9,16,51.6,117,695,286,11,4,8,17,14,131,37
74,Armando Broja,al ALB,FW,Fulham,22-232,2001,0.7,39,0,2,14,23,4,39,6,2,33.3,4,66.7,21,155,61,2,2,0,3,3,35,7
75,Andre Brooks,eng ENG,"MF,DF",Sheffield Utd,20-253,2003,8.8,319,12,64,167,93,12,319,21,11,52.4,9,42.9,160,966,349,9,12,1,18,13,172,21
76,David Brooks,wls WAL,"FW,MF",Bournemouth,26-296,1997,3.1,177,2,25,72,83,11,177,10,4,40,6,60,102,680,279,8,9,1,7,1,113,27
77,Jacob Brown,sct SCO,"MF,FW",Luton Town,26-019,1998,11.3,427,30,103,152,181,50,427,25,6,24,16,64,200,1112,504,25,14,9,24,25,237,53
78,Josh Brownhill,eng ENG,MF,Burnley,28-132,1995,23.9,1291,70,322,591,390,35,1291,13,7,53.8,6,46.2,525,2212,991,17,13,2,16,11,668,32
79,Jacob Bruun Larsen,dk DEN,"MF,FW",Burnley,25-223,1998,11.8,607,15,76,188,349,79,606,44,17,38.6,23,52.3,333,2173,1183,56,18,32,24,9,376,126
80,Hugo Bueno,es ESP,"DF,MF",Wolves,21-224,2002,7.3,481,30,168,193,121,7,481,22,7,31.8,11,50,257,1535,759,21,9,1,6,14,290,39
81,Santiago Bueno,uy URU,DF,Wolves,25-172,1998,8,514,70,268,233,16,1,514,1,1,100,0,0,302,1590,918,3,5,0,1,2,362,1
82,Facundo Buonanotte,ar ARG,"FW,MF",Brighton,19-128,2004,13,591,16,77,268,256,34,591,45,16,35.6,25,55.6,370,2001,787,19,23,7,36,27,429,62
83,Reece Burke,eng ENG,DF,Luton Town,27-240,1996,16.5,825,88,338,388,102,20,825,7,3,42.9,2,28.6,394,1788,1053,9,7,0,17,3,447,13
84,Dan Burn,eng ENG,DF,Newcastle Utd,31-356,1992,26.3,1767,172,806,767,197,38,1767,6,4,66.7,2,33.3,805,3327,1434,13,7,3,13,9,997,25
85,Mason Burstow,eng ENG,FW,Chelsea,20-269,2003,0.1,6,0,0,1,5,1,6,0,0,,0,,2,1,0,0,0,0,1,0,3,1
86,Moisés Caicedo,ec ECU,MF,Chelsea,22-179,2001,27.1,2046,102,562,1165,337,9,2046,43,19,44.2,18,41.9,1180,4493,1903,19,24,1,35,19,1529,22
87,Tom Cairney,sct SCO,MF,Fulham,33-100,1991,15.7,1341,25,222,734,411,31,1341,32,25,78.1,5,15.6,895,4304,2167,34,39,6,28,22,1082,71
88,Dominic Calvert-Lewin,eng ENG,FW,Everton,27-044,1997,21.6,653,43,70,240,346,113,652,35,10,28.6,22,62.9,313,1797,673,29,18,18,56,24,499,104
89,Thomas Cannon,ie IRL,FW,Everton,21-123,2002,0,0,0,0,0,0,0,0,0,0,,0,,0,0,0,0,0,0,0,0,0,0
90,Diego Carlos,br BRA,DF,Aston Villa,31-045,1993,17.2,1275,206,703,536,38,19,1275,4,2,50,2,50,834,4075,2247,4,2,1,6,3,926,1
91,Cesare Casadei,it ITA,"FW,MF",Chelsea,21-110,2003,0.5,58,4,11,39,8,1,58,2,2,100,0,0,30,192,30,0,0,0,3,0,46,2
92,Casemiro,br BRA,"MF,DF",Manchester Utd,32-066,1992,18,1423,124,481,725,226,39,1423,17,8,47.1,8,47.1,787,2665,1274,10,19,1,14,14,930,35
93,Matty Cash,pl POL,DF,Aston Villa,26-266,1997,23.1,1459,88,479,643,352,53,1459,40,11,27.5,20,50,840,4759,2173,60,40,18,20,15,876,93
94,Timothy Castagne,be BEL,DF,Fulham,28-146,1995,27.3,1831,106,656,786,398,56,1831,29,16,55.2,10,34.5,838,3598,1754,45,23,6,23,9,1057,109
95,Jonny Castro,es ESP,MF,Wolves,30-057,1994,0.1,2,1,1,1,0,0,2,0,0,,0,,0,0,0,0,0,0,0,0,0,0
96,Trevoh Chalobah,eng ENG,DF,Chelsea,24-299,1999,5.7,506,56,255,215,37,0,506,0,0,,0,,299,944,430,3,4,0,7,1,360,7
97,Calum Chambers,eng ENG,"DF,MF",Aston Villa,29-100,1995,0.8,62,8,39,22,1,0,62,1,1,100,0,0,34,166,105,0,0,0,0,0,46,0
98,Youssef Chermiti,pt POR,FW,Everton,19-341,2004,1.9,82,2,9,24,49,13,82,6,1,16.7,5,83.3,45,195,49,2,1,1,12,5,62,14
99,Ben Chilwell,eng ENG,DF,Chelsea,27-130,1996,8.4,605,21,129,258,221,28,605,19,7,36.8,8,42.1,333,1713,844,22,14,5,21,5,394,59
100,Tawanda Chirewa,eng ENG,"MF,FW",Wolves,20-201,2003,1.6,83,2,16,42,26,5,83,3,1,33.3,2,66.7,48,186,52,1,2,1,6,3,61,8
101,Leon Chiwome,eng ENG,FW,Wolves,18-110,2006,1.9,39,3,5,25,10,4,39,0,0,,0,,16,86,50,1,0,1,3,2,18,7
102,Tahith Chong,nl NED,MF,Luton Town,24-147,1999,19.1,711,26,140,303,280,51,711,60,19,31.7,27,45,455,2999,1512,44,40,9,52,39,495,87
103,Ryan Christie,sct SCO,MF,Bournemouth,29-067,1995,29.4,1586,74,300,813,511,66,1586,92,50,54.3,36,39.1,859,5334,2471,57,53,14,54,42,903,74
104,Carney Chukwuemeka,eng ENG,"MF,FW",Chelsea,20-192,2003,2.5,167,1,21,77,72,12,167,12,2,16.7,10,83.3,107,646,231,4,5,2,5,4,129,19
105,Bobby Clark,eng ENG,MF,Liverpool,19-082,2005,1,70,4,11,34,26,6,70,4,0,0,3,75,45,286,149,3,0,2,3,6,48,7
106,Jordan Clark,eng ENG,MF,Luton Town,30-220,1993,13.1,633,31,119,307,215,34,633,39,11,28.2,22,56.4,353,1963,920,17,17,6,24,21,406,36
107,Nathaniel Clyne,eng ENG,DF,Crystal Palace,33-024,1991,12,602,33,229,260,117,5,602,10,4,40,5,50,252,1098,491,9,11,0,13,0,329,17
108,Séamus Coleman,ie IRL,DF,Everton,35-201,1988,5.1,255,24,75,107,76,3,255,9,6,66.7,3,33.3,107,595,287,5,5,1,4,4,115,11
109,Nathan Collins,ie IRL,DF,Brentford,22-365,2001,27.5,1738,285,974,639,130,43,1738,17,11,64.7,2,11.8,907,4169,2311,11,15,0,19,10,1037,17
110,Levi Colwill,eng ENG,DF,Chelsea,21-063,2003,20,1392,108,570,669,164,26,1392,13,9,69.2,4,30.8,766,3602,1985,23,17,2,22,4,873,27
111,Lewis Cook,eng ENG,MF,Bournemouth,27-086,1997,28,1599,75,369,915,337,9,1599,34,19,55.9,14,41.2,675,3359,1589,19,21,0,32,18,768,13
112,Jack Cork,eng ENG,MF,Burnley,34-309,1989,0.2,27,0,4,16,8,1,27,0,0,,0,,18,119,75,3,1,0,0,0,21,1
113,Maxwel Cornet,ci CIV,"MF,FW",West Ham,27-215,1996,1.2,68,1,12,22,35,8,68,2,0,0,1,50,34,280,84,3,2,2,1,3,41,8
114,Vladimír Coufal,cz CZE,DF,West Ham,31-251,1992,31.8,1846,147,656,762,443,25,1846,33,10,30.3,16,48.5,796,4458,2173,62,31,4,27,12,914,118
115,Philippe Coutinho,br BRA,"MF,FW",Aston Villa,31-322,1992,0.3,30,0,4,18,9,1,30,5,4,80,1,20,26,222,134,5,4,0,2,0,29,2
116,Aaron Cresswell,eng ENG,"DF,FW",West Ham,34-136,1989,3.6,257,13,83,122,53,0,257,1,0,0,1,100,130,386,166,3,3,0,0,1,157,5
117,Marc Cucurella,es ESP,DF,Chelsea,25-282,1998,14.8,1062,67,426,432,211,23,1062,8,2,25,6,75,513,2118,1227,24,13,2,12,2,650,61
118,Josh Cullen,ie IRL,MF,Burnley,28-022,1996,20,1363,57,304,794,278,15,1363,12,3,25,4,33.3,757,3043,1514,21,20,2,16,10,926,18
119,Matheus Cunha,br BRA,"FW,MF",Wolves,24-338,1999,24.4,1096,27,162,543,423,111,1095,125,59,47.2,53,42.4,643,5082,2918,99,70,34,70,47,786,122
120,Mahmoud Dahoud,de GER,MF,Brighton,28-119,1996,5,368,12,86,225,58,4,368,5,2,40,3,60,239,951,406,4,3,1,6,5,303,6
121,Ameen Al-Dakhil,be BEL,DF,Burnley,22-054,2002,11.7,749,83,355,339,58,10,749,5,3,60,2,40,491,2471,1351,7,9,0,8,6,495,9
122,Diogo Dalot,pt POR,DF,Manchester Utd,25-042,1999,31.3,1953,167,668,764,534,43,1953,48,27,56.3,18,37.5,1018,4842,2584,47,38,10,19,11,1108,101
123,Mikkel Damsgaard,dk DEN,MF,Brentford,23-301,2000,7.3,439,12,88,201,156,19,439,14,6,42.9,8,57.1,235,1213,626,10,7,3,15,8,264,28
124,Danilo,br BRA,MF,Nott'ham Forest,23-000,2001,17,851,68,238,460,166,14,851,22,14,63.6,8,36.4,451,2169,957,18,19,3,21,11,534,24
125,Arnaut Danjuma,nl NED,"MF,FW",Everton,27-089,1997,6.6,223,4,23,77,127,32,223,21,8,38.1,11,52.4,147,1182,599,24,15,11,10,7,147,44
126,Jayden Danns,eng ENG,FW,Liverpool,18-104,2006,0.1,7,0,0,3,4,0,7,0,0,,0,,3,11,5,0,1,0,0,0,4,2
127,Josh Dasilva,eng ENG,"DF,FW",Brentford,25-189,1998,0.3,26,1,1,6,19,6,26,4,2,50,2,50,17,153,69,2,0,2,2,4,17,5
128,David Datro Fofana,ci CIV,FW,Burnley,21-129,2002,9.7,302,10,36,127,145,45,302,41,15,36.6,22,53.7,183,1201,522,21,9,11,35,20,219,37
129,Ben Davies,wls WAL,DF,Tottenham,31-005,1993,12.1,972,97,406,473,96,23,972,10,4,40,6,60,591,3245,2034,13,12,1,2,3,685,20
130,Tom Davies,eng ENG,MF,Sheffield Utd,25-304,1998,2.5,142,9,44,65,34,5,142,8,2,25,5,62.5,67,381,167,3,2,1,3,4,76,3
131,Craig Dawson,eng ENG,DF,Wolves,33-359,1990,24.5,1529,292,889,592,54,34,1529,3,3,100,0,0,896,4227,1932,1,7,0,5,2,997,4
132,Kevin De Bruyne,be BEL,MF,Manchester City,32-306,1991,10.1,856,2,28,282,555,61,856,23,8,34.8,14,60.9,494,2240,1283,36,30,8,10,11,647,100
133,Hannes Delcroix,be BEL,DF,Burnley,25-061,1999,6.5,419,42,175,204,40,4,419,6,3,50,2,33.3,241,847,451,2,2,0,5,3,268,6
134,Leander Dendoncker,be BEL,MF,Aston Villa,29-014,1995,1.3,80,4,31,39,12,2,80,0,0,,0,,36,124,27,0,1,0,2,1,39,2
135,Moussa Diaby,fr FRA,"FW,MF",Aston Villa,24-297,1999,21.4,750,11,59,267,435,123,750,61,25,41,32,52.5,516,3508,1778,83,38,33,32,27,563,169
136,Amad Diallo,ci CIV,FW,Manchester Utd,21-293,2002,1.7,100,3,8,44,49,13,100,8,4,50,3,37.5,64,451,150,5,6,2,3,5,72,18
137,Amadou Diallo,eng ENG,MF,Newcastle Utd,21-074,2003,0,1,0,0,1,0,0,1,0,0,,0,,0,0,0,0,0,0,0,0,1,0
138,Rúben Dias,pt POR,DF,Manchester City,26-351,1997,25.4,2643,207,903,1473,273,32,2643,1,0,0,1,100,1859,10281,6415,34,69,1,9,6,2112,15
139,Luis Díaz,co COL,FW,Liverpool,27-107,1997,26.8,1339,10,89,488,785,196,1339,128,61,47.7,52,40.6,937,6861,3363,123,69,62,66,67,1032,280
140,Eric Dier,eng ENG,DF,Tottenham,30-105,1994,2.2,164,38,106,57,2,2,164,0,0,,0,,97,291,119,0,0,0,1,0,112,0
141,Lucas Digne,fr FRA,DF,Aston Villa,30-284,1993,23.8,1405,57,393,478,545,55,1405,23,6,26.1,12,52.2,738,3136,1514,39,18,4,14,14,820,188
142,Issa Diop,fr FRA,DF,Fulham,27-111,1997,13.8,1137,136,582,538,20,7,1137,1,1,100,0,0,742,4173,2568,11,7,0,3,4,811,1
143,Axel Disasi,fr FRA,DF,Chelsea,26-049,1998,28.6,2474,290,1175,1136,175,24,2474,22,12,54.5,5,22.7,1600,7131,4201,30,20,3,16,12,1872,21
144,Ben Doak,sct SCO,FW,Liverpool,18-170,2005,0.2,6,0,0,2,4,0,6,0,0,,0,,4,7,2,0,0,0,2,0,4,0
145,Lewis Dobbin,eng ENG,MF,Everton,21-117,2003,2.3,111,0,22,34,59,11,111,19,6,31.6,13,68.4,79,551,191,6,10,4,11,5,70,16
146,Matt Doherty,ie IRL,"DF,MF",Wolves,32-104,1992,11.6,726,55,244,302,183,30,726,13,5,38.5,7,53.8,304,1237,573,12,8,3,17,5,438,62
147,Jeremy Doku,be BEL,"FW,MF",Manchester City,21-338,2002,16.2,1053,5,71,248,747,199,1053,149,78,52.3,55,36.9,802,6790,4421,193,51,127,47,32,854,273
148,Nicolás Domínguez,ar ARG,"MF,FW",Nott'ham Forest,25-306,1998,16.5,1035,39,263,534,244,33,1035,17,7,41.2,8,47.1,481,1975,1082,13,12,2,20,7,618,41
149,Jamie Donley,eng ENG,FW,Tottenham,19-117,2005,0,7,2,4,2,1,0,7,1,0,0,1,100,2,9,8,0,0,0,0,1,1,0
150,Abdoulaye Doucouré,ml MLI,"FW,MF",Everton,31-119,1993,26.9,1092,31,171,485,452,95,1092,44,23,52.3,19,43.2,581,3064,1615,53,35,16,59,38,726,130
151,Cheick Doucouré,ml MLI,MF,Crystal Palace,24-112,2000,10.2,545,25,145,312,97,7,545,13,10,76.9,3,23.1,276,1153,579,9,9,1,16,8,318,5
152,Alfie Doughty,eng ENG,DF,Luton Town,24-130,1999,29.5,1814,90,489,604,745,69,1814,62,32,51.6,23,37.1,819,5171,2624,89,48,26,48,12,878,149
153,Tommy Doyle,eng ENG,MF,Wolves,22-195,2001,13.4,1043,40,264,609,176,6,1043,3,1,33.3,1,33.3,628,3023,1361,20,17,2,7,7,758,17
154,Radu Drăgușin,ro ROU,DF,Tottenham,22-086,2002,2.6,210,22,104,103,5,1,210,2,1,50,0,0,139,817,411,3,1,0,0,1,155,1
155,Martin Dúbravka,sk SVK,GK,Newcastle Utd,35-105,1989,19.1,617,524,611,6,0,0,617,0,0,,0,,328,1816,1232,0,0,0,2,0,223,0
156,Paul Dummett,wls WAL,DF,Newcastle Utd,32-216,1991,0.2,25,3,7,15,3,1,25,0,0,,0,,11,51,33,1,0,0,0,0,19,0
157,Lewis Dunk,eng ENG,DF,Brighton,32-160,1991,29.4,3296,507,1680,1490,143,50,3296,8,5,62.5,2,25,2294,10247,5398,33,18,2,9,2,2550,13
158,Jhon Durán,co COL,"FW,MF",Aston Villa,20-138,2003,3.9,150,7,17,71,65,21,150,5,2,40,3,60,90,458,196,9,5,5,14,13,113,20
159,George Earthy,eng ENG,FW,West Ham,19-237,2004,0.1,5,0,1,4,0,0,5,0,0,,0,,4,22,3,0,0,0,0,0,4,1
160,Ederson,br BRA,GK,Manchester City,30-256,1993,28.2,1182,873,1162,20,0,0,1182,1,1,100,0,0,781,3454,2215,0,0,0,0,0,770,0
161,Odsonne Édouard,fr FRA,"FW,MF",Crystal Palace,26-104,1998,16.6,571,18,59,210,312,94,571,46,16,34.8,23,50,323,1692,853,32,17,24,50,25,391,92
162,John Egan,ie IRL,DF,Sheffield Utd,31-192,1992,5.4,257,58,163,81,13,9,257,0,0,,0,,106,485,233,0,2,0,2,1,133,1
163,Hjalmar Ekdal,se SWE,DF,Burnley,25-191,1998,4.3,233,32,116,108,11,3,233,2,1,50,1,50,119,758,449,3,2,0,2,0,130,0
164,Anthony Elanga,se SWE,"FW,MF",Nott'ham Forest,22-002,2002,25.1,961,23,170,322,482,114,961,74,28,37.8,40,54.1,581,4382,2354,90,51,38,62,20,686,183
165,Harvey Elliott,eng ENG,"MF,FW",Liverpool,21-025,2003,12.4,935,8,79,450,414,58,935,18,8,44.4,9,50,612,3335,1417,36,46,8,14,9,704,104
166,Mohamed Elneny,eg EGY,MF,Arsenal,31-293,1992,0.3,45,1,9,30,6,1,45,0,0,,0,,27,148,62,1,0,0,1,0,37,0
167,Emerson,br BRA,DF,Tottenham,25-106,1999,11.1,1086,92,408,465,219,11,1086,18,8,44.4,6,33.3,626,2530,1179,20,16,1,13,11,734,32
168,Julio Enciso,py PAR,"MF,FW",Brighton,20-097,2004,2.9,138,3,17,50,74,14,138,20,11,55,6,30,110,673,366,13,9,7,6,6,109,19
169,Wataru Endo,jp JPN,MF,Liverpool,31-080,1993,16.6,1320,40,263,875,188,9,1320,13,8,61.5,4,30.8,791,3052,1355,9,19,2,26,20,951,18
170,Christian Eriksen,dk DEN,MF,Manchester Utd,32-075,1992,11.4,798,24,142,440,223,11,798,4,3,75,1,25,474,2113,1077,19,19,2,6,13,556,21
171,Maxime Estève,fr FRA,DF,Burnley,21-339,2002,12.1,813,121,397,376,41,7,813,3,1,33.3,0,0,438,2326,1405,12,15,1,5,3,501,3
172,Pervis Estupiñán,ec ECU,DF,Brighton,26-099,1998,13.8,1109,56,256,546,316,37,1109,23,9,39.1,9,39.1,693,3046,1806,47,30,13,20,6,735,88
173,Jonny Evans,nir NIR,DF,Manchester Utd,36-117,1988,12.3,774,146,430,319,27,8,774,6,4,66.7,1,16.7,426,2138,1219,5,4,0,5,3,468,1
174,Eberechi Eze,eng ENG,"MF,FW",Crystal Palace,25-305,1998,20,1138,11,110,465,583,88,1137,122,60,49.2,55,45.1,702,4299,1908,62,55,37,69,44,789,119
175,Łukasz Fabiański,pl POL,GK,West Ham,39-011,1985,8,260,222,255,5,0,0,260,0,0,,0,,140,822,585,0,0,0,0,0,94,0
176,Romain Faivre,fr FRA,"FW,MF",Bournemouth,25-290,1998,0.4,31,1,3,10,18,3,31,6,1,16.7,3,50,19,160,89,3,3,0,3,1,25,4
177,Ansu Fati,es ESP,"MF,FW",Brighton,21-181,2002,5.6,286,4,27,136,126,39,286,16,5,31.3,8,50,202,980,440,16,4,9,15,9,225,47
178,Felipe,br BRA,DF,Nott'ham Forest,34-349,1989,4.2,257,22,133,116,9,4,257,2,1,50,1,50,147,692,361,1,1,0,3,1,156,0
179,Evan Ferguson,ie IRL,FW,Brighton,19-193,2004,15.2,448,13,64,204,185,45,448,16,7,43.8,6,37.5,286,1299,414,13,9,5,40,31,336,62
180,Bruno Fernandes,pt POR,"MF,FW",Manchester Utd,29-234,1994,33,2478,93,404,1016,1081,102,2473,44,19,43.2,21,47.7,1306,5829,3230,79,58,22,45,33,1640,175
181,Enzo Fernández,ar ARG,MF,Chelsea,23-103,2001,24.5,2128,67,442,1209,488,47,2126,44,23,52.3,17,38.6,1315,6080,3109,52,46,8,29,24,1675,54
182,John Fleck,sct SCO,"MF,DF",Sheffield Utd,32-249,1991,1,49,3,10,29,11,1,49,1,0,0,0,0,19,81,39,2,1,0,2,0,27,0
183,Mark Flekken,nl NED,GK,Brentford,30-321,1993,33.5,1514,1158,1441,73,0,0,1514,4,3,75,1,25,842,4586,2562,0,0,0,0,0,739,0
184,Phil Foden,eng ENG,"FW,MF",Manchester City,23-337,2000,28,1887,21,160,671,1077,172,1887,94,42,44.7,43,45.7,1290,6342,3197,89,74,53,56,40,1543,246
185,Wes Foderingham,eng ENG,GK,Sheffield Utd,33-106,1991,26.4,1036,843,1018,20,0,0,1036,2,2,100,0,0,524,3169,2012,0,0,0,1,1,342,0
186,Pablo Fornals,es ESP,"MF,FW",West Ham,28-067,1996,4.7,277,7,53,128,98,20,277,12,6,50,5,41.7,156,645,256,4,7,2,8,8,176,27
187,Omari Forson,eng ENG,FW,Manchester Utd,19-284,2004,0.7,32,0,2,21,9,1,32,1,0,0,1,100,23,75,25,1,2,0,1,0,24,2
188,Lyle Foster,za RSA,"FW,MF",Burnley,23-239,2000,18.2,602,38,80,258,275,81,602,35,17,48.6,16,45.7,336,2201,1147,49,26,31,62,27,415,92
189,Matheus França,br BRA,"MF,FW",Crystal Palace,20-028,2004,2.6,119,3,31,45,51,9,119,14,4,28.6,9,64.3,81,722,372,12,11,5,4,7,73,12
190,Nathan Fraser,ie IRL,FW,Wolves,19-067,2005,2.1,62,4,10,28,25,5,62,0,0,,0,,32,88,22,1,1,1,4,2,39,21
191,Cody Gakpo,nl NED,"FW,MF",Liverpool,24-358,1999,15.6,686,14,70,287,343,89,686,48,28,58.3,15,31.3,465,2578,1269,38,26,12,39,28,523,108
192,Conor Gallagher,eng ENG,MF,Chelsea,24-083,2000,29.9,2146,60,376,1098,709,70,2146,53,30,56.6,16,30.2,1305,6473,2662,56,48,12,63,33,1538,113
193,Idrissa Gana Gueye,sn SEN,MF,Everton,34-216,1989,18.1,959,47,232,521,218,19,959,21,10,47.6,9,42.9,508,2515,1156,25,21,2,17,17,562,35
194,Alejandro Garnacho,ar ARG,FW,Manchester Utd,19-303,2004,24.6,1152,13,163,353,647,219,1152,111,38,34.2,59,53.2,823,6926,3566,150,71,86,62,41,877,242
195,James Garner,eng ENG,MF,Everton,23-047,2001,30.8,1483,76,285,729,491,35,1483,39,18,46.2,15,38.5,677,3542,1497,32,34,4,30,10,774,66
196,Saman Ghoddos,ir IRN,DF,Brentford,30-236,1993,7.9,527,11,137,213,181,10,527,13,3,23.1,8,61.5,274,1340,678,21,12,2,10,4,303,31
197,Morgan Gibbs-White,eng ENG,"MF,FW",Nott'ham Forest,24-093,2000,32.1,1717,24,198,809,736,93,1716,108,42,38.9,52,48.1,933,5040,2528,70,55,15,74,38,1122,164
198,Bryan Gil,es ESP,"FW,MF",Tottenham,23-078,2001,2.2,170,3,24,64,83,18,170,10,7,70,3,30,119,648,291,9,5,5,7,5,136,42
199,Alfie Gilchrist,eng ENG,DF,Chelsea,20-153,2003,1.3,116,8,39,41,37,4,116,1,1,100,0,0,55,202,117,1,1,0,2,1,62,4
200,Billy Gilmour,sct SCO,MF,Brighton,22-323,2001,20.8,2056,59,388,1291,387,12,2056,20,6,30,12,60,1259,5643,2831,35,48,0,25,8,1694,33
201,Ben Godfrey,eng ENG,DF,Everton,26-105,1998,11.4,608,63,206,243,162,19,608,14,5,35.7,9,64.3,221,1117,551,11,12,0,8,6,263,26
202,André Gomes,pt POR,"MF,FW",Everton,30-274,1993,5,318,8,47,161,113,10,318,11,3,27.3,7,63.6,167,772,278,7,6,3,6,6,209,27
203,João Gomes,br BRA,MF,Wolves,23-077,2001,26.4,1459,61,398,758,319,30,1459,42,19,45.2,18,42.9,741,3584,1598,25,18,5,38,37,909,35
204,Toti Gomes,pt POR,DF,Wolves,25-104,1999,27.8,1941,165,929,864,155,19,1941,26,19,73.1,4,15.4,1031,4049,2142,17,14,1,15,5,1274,9
205,Joe Gomez,eng ENG,DF,Liverpool,26-342,1997,18.5,1481,78,348,787,360,26,1481,31,14,45.2,12,38.7,854,4428,2180,41,33,3,24,11,930,99
206,Sergio Gómez,es ESP,"FW,MF",Manchester City,23-238,2000,0.6,59,0,10,19,30,3,59,2,2,100,0,0,38,231,112,4,0,1,0,0,48,4
207,Anthony Gordon,eng ENG,FW,Newcastle Utd,23-065,2001,29.2,1265,14,145,485,655,130,1264,117,45,38.5,51,43.6,853,6762,3218,121,68,47,66,34,920,209
208,Kaide Gordon,eng ENG,FW,Liverpool,19-207,2004,0,2,0,0,0,2,1,2,0,0,,0,,0,0,0,0,0,0,1,0,0,0
209,Daniel Gore,eng ENG,MF,Manchester Utd,19-216,2004,0,2,0,0,1,1,0,2,0,0,,0,,2,6,2,0,0,0,0,0,1,0
210,Ryan Gravenberch,nl NED,MF,Liverpool,21-349,2002,11.9,664,16,81,330,260,39,664,49,22,44.9,22,44.9,417,2382,1318,38,28,9,43,13,452,70
211,Ivo Grbić,hr CRO,GK,Sheffield Utd,28-102,1996,8.6,324,280,317,7,0,0,324,0,0,,0,,152,1049,772,0,0,0,0,0,92,0
212,Jack Grealish,eng ENG,"FW,MF",Manchester City,28-232,1995,11.1,689,7,52,202,440,82,689,40,18,45,11,27.5,519,3962,2055,87,45,50,19,22,572,147
213,Pascal Groß,de GER,"MF,DF",Brighton,32-319,1991,30.6,3193,118,740,1514,960,64,3192,29,16,55.2,12,41.4,2059,9035,4681,75,58,7,33,26,2466,166
214,Marc Guéhi,eng ENG,DF,Crystal Palace,23-291,2000,21.2,1423,193,742,633,53,12,1423,13,7,53.8,4,30.8,863,4024,2109,13,9,1,8,2,955,6
215,Bruno Guimarães,br BRA,MF,Newcastle Utd,26-165,1997,32.3,2422,80,507,1329,623,65,2422,118,67,56.8,35,29.7,1618,9120,3725,57,64,17,56,60,1874,62
216,Malo Gusto,fr FRA,DF,Chelsea,20-346,2003,17.9,1510,62,433,646,456,41,1510,40,17,42.5,19,47.5,904,4951,2579,72,37,13,30,11,1008,124
217,Joško Gvardiol,hr CRO,DF,Manchester City,22-097,2002,21.9,1880,57,394,979,521,46,1880,35,21,60,10,28.6,1124,5377,2915,56,42,11,21,14,1317,88
218,Erling Haaland,no NOR,FW,Manchester City,23-283,2000,24.6,544,13,31,175,342,156,539,28,12,42.9,14,50,318,1471,658,31,11,19,35,16,421,113
219,Antwoine Hackford,eng ENG,FW,Sheffield Utd,20-040,2004,0.1,4,0,0,2,2,0,4,1,0,0,1,100,3,11,2,0,1,0,1,0,3,0
220,Lewis Hall,eng ENG,DF,Newcastle Utd,19-234,2004,4.7,356,16,133,149,76,7,356,9,3,33.3,6,66.7,172,905,507,9,7,3,4,8,212,20
221,Gustavo Hamer,nl NED,MF,Sheffield Utd,26-310,1997,29.3,1260,54,269,582,424,39,1260,53,25,47.2,26,49.1,560,2970,1376,33,23,13,32,16,673,71
222,Luke Harris,wls WAL,MF,Fulham,19-026,2005,0.8,19,1,8,6,5,1,19,2,0,0,2,100,9,39,6,0,1,0,0,0,11,0
223,Jack Harrison,eng ENG,"MF,FW",Everton,27-161,1996,23.6,889,33,156,321,427,57,889,73,29,39.7,37,50.7,514,3154,1507,63,31,13,65,39,552,130
224,Daiki Hashioka,jp JPN,DF,Luton Town,24-348,1999,5.6,307,45,136,120,53,2,307,2,1,50,1,50,154,691,269,3,3,0,8,6,175,16
225,Kai Havertz,de GER,"MF,FW",Arsenal,24-323,1999,26.3,1158,28,129,496,544,157,1157,39,15,38.5,18,46.2,614,2759,1398,47,32,19,48,32,826,166
226,Jan Paul van Hecke,nl NED,DF,Brighton,23-326,2000,26.3,2668,324,1209,1311,157,20,2668,9,5,55.6,2,22.2,1918,10198,6274,25,41,2,16,3,2080,7
227,Hwang Hee-chan,kr KOR,"FW,MF",Wolves,28-094,1996,20.9,712,13,99,311,314,94,711,66,35,53,28,42.4,449,2456,954,35,20,22,50,30,521,105
228,Dean Henderson,eng ENG,GK,Crystal Palace,27-048,1997,15,454,404,454,0,0,0,454,0,0,,0,,234,1418,622,0,0,0,1,0,192,0
229,Rico Henry,eng ENG,DF,Brentford,26-296,1997,4.5,227,14,78,93,59,7,227,10,7,70,1,10,115,698,372,13,3,3,8,7,126,12
230,Son Heung-min,kr KOR,FW,Tottenham,31-296,1992,27.6,1110,8,75,376,672,179,1108,67,30,44.8,33,49.3,759,4442,2260,87,32,47,50,30,901,269
231,Aaron Hickey,sct SCO,DF,Brentford,21-324,2002,7.9,356,25,132,155,76,7,356,14,5,35.7,5,35.7,212,1107,505,9,3,1,14,5,225,13
232,James Hill,eng ENG,DF,Bournemouth,22-110,2002,0.8,62,10,26,24,12,0,62,1,0,0,1,100,18,41,7,0,1,0,1,1,20,1
233,Jack Hinshelwood,eng ENG,DF,Brighton,19-018,2005,9.7,590,26,193,256,143,30,590,5,0,0,4,80,331,1598,726,16,15,1,9,2,381,38
234,Mason Holgate,eng ENG,DF,Sheffield Utd,27-190,1996,7.6,288,51,141,115,33,3,288,2,1,50,1,50,93,331,145,0,2,1,4,1,103,0
235,Callum Hudson-Odoi,eng ENG,"FW,MF",Nott'ham Forest,23-174,2000,17.7,813,19,115,256,460,60,813,74,41,55.4,24,32.4,565,4399,2586,94,46,31,31,29,616,146
236,Will Hughes,eng ENG,MF,Crystal Palace,29-012,1995,20.1,1057,44,222,632,213,15,1057,15,9,60,3,20,449,1856,858,13,13,0,20,27,590,15
237,Pierre Højbjerg,dk DEN,MF,Tottenham,28-268,1995,13,1407,57,328,809,283,14,1407,22,12,54.5,9,40.9,890,3727,1573,15,24,2,17,8,1088,26
238,Rasmus Højlund,dk DEN,FW,Manchester Utd,21-085,2003,21.7,554,19,60,228,272,89,554,32,14,43.8,17,53.1,321,1849,935,32,20,12,48,25,388,100
239,Igor,br BRA,DF,Brighton,26-082,1998,14.2,1329,77,464,748,122,6,1329,21,15,71.4,5,23.8,847,4282,2301,27,19,0,9,5,963,11
240,Danny Ings,eng ENG,FW,West Ham,31-281,1992,4.1,152,7,17,64,73,23,152,12,6,50,5,41.7,83,343,104,6,2,3,8,3,96,26
241,Tim Iroegbunam,eng ENG,MF,Aston Villa,20-304,2003,1.6,69,4,22,41,7,0,69,6,3,50,2,33.3,35,159,87,1,0,0,1,2,33,0
242,Alexander Isak,se SWE,FW,Newcastle Utd,24-221,1999,21.6,611,15,38,256,324,116,606,65,39,60,22,33.8,361,2672,1396,57,31,29,42,23,438,111
243,Alex Iwobi,ng NGA,MF,Everton,27-362,1996,1.6,58,0,5,17,38,3,58,4,3,75,1,25,33,316,221,6,5,2,3,1,34,8
244,Alex Iwobi,ng NGA,"FW,MF",Fulham,27-362,1996,21.4,1147,16,160,531,486,75,1147,68,34,50,31,45.6,784,5292,2613,95,71,25,46,27,898,159
245,Nicolas Jackson,sn SEN,FW,Chelsea,22-314,2001,26.1,832,26,74,369,409,125,832,81,40,49.4,30,37,519,3643,1617,51,39,25,74,55,627,158
246,Reece James,eng ENG,DF,Chelsea,24-143,1999,4.3,362,24,110,138,116,19,362,13,9,69.2,3,23.1,201,997,527,19,8,3,6,5,225,33
247,Vitaly Janelt,de GER,"MF,DF",Brentford,25-355,1998,31.5,1571,107,472,713,403,68,1571,17,7,41.2,7,41.2,796,3154,1414,22,21,2,25,10,954,74
248,Mathias Jensen,dk DEN,MF,Brentford,28-119,1996,23.5,1386,48,275,663,459,20,1386,42,17,40.5,22,52.4,610,2840,1219,19,17,3,30,16,731,63
249,Gabriel Jesus,br BRA,FW,Arsenal,27-026,1997,16.1,749,16,70,238,451,135,749,70,33,47.1,28,40,466,2528,1098,36,20,25,59,36,541,145
250,Raúl Jiménez,mx MEX,FW,Fulham,32-360,1991,14.2,508,18,49,238,221,59,508,22,8,36.4,12,54.5,284,1253,418,10,12,5,40,29,394,77
251,João Pedro,br BRA,"FW,MF",Brighton,22-216,2001,19.7,1041,28,91,406,555,157,1037,93,38,40.9,39,41.9,697,4405,1920,69,37,39,72,60,834,184
252,Joelinton,br BRA,"MF,FW",Newcastle Utd,27-259,1996,12.6,687,33,127,349,216,34,687,33,16,48.5,11,33.3,370,1713,792,21,17,5,21,25,488,58
253,Ryan John Giles,eng ENG,"DF,MF",Luton Town,24-094,2000,5.6,273,20,81,74,119,4,273,8,4,50,3,37.5,116,517,241,9,5,2,7,1,129,30
254,Ben Johnson,eng ENG,"DF,FW",West Ham,24-096,2000,6,417,21,139,169,119,4,417,25,11,44,12,48,232,1479,633,17,11,1,6,10,243,33
255,Brennan Johnson,wls WAL,FW,Tottenham,22-342,2001,18.3,789,13,89,262,449,122,789,59,23,39,32,54.2,515,3154,1653,78,25,39,29,14,598,222
256,Brennan Johnson,wls WAL,"FW,MF",Nott'ham Forest,22-342,2001,2.6,85,2,15,38,34,9,85,7,2,28.6,3,42.9,50,372,205,8,4,3,4,2,52,14
257,Joseph Johnson,eng ENG,DF,Luton Town,18-068,2006,0,3,0,1,2,0,0,3,0,0,,0,,3,11,0,0,0,0,0,1,3,0
258,Sam Johnstone,eng ENG,GK,Crystal Palace,31-035,1993,20,640,539,637,3,0,0,640,0,0,,0,,350,2039,1281,0,0,0,0,0,287,0
259,Curtis Jones,eng ENG,MF,Liverpool,23-090,2001,12.7,897,24,127,498,280,37,897,29,15,51.7,10,34.5,612,3231,1383,30,25,7,15,29,691,86
260,Jorginho,it ITA,MF,Arsenal,32-131,1991,10.2,869,25,152,479,239,5,869,5,2,40,3,60,521,1941,945,8,11,0,5,4,671,8
261,Diogo Jota,pt POR,FW,Liverpool,27-147,1996,12.7,594,8,53,240,311,107,594,41,15,36.6,21,51.2,350,2104,1239,54,29,23,42,18,427,111
262,Mads Juel Andersen,dk DEN,DF,Luton Town,26-124,1997,4.4,182,56,118,57,7,4,182,1,0,0,1,100,58,301,112,0,0,0,6,0,64,1
263,Hamed Junior Traorè,ci CIV,MF,Bournemouth,24-073,2000,0.5,41,1,13,14,15,2,41,8,4,50,4,50,22,153,80,2,1,1,2,1,28,4
264,Mathias Jørgensen,dk DEN,DF,Brentford,34-006,1990,11.1,630,67,253,312,66,24,630,4,3,75,0,0,234,964,568,4,4,0,4,1,318,4
265,Issa Kaboré,bf BFA,DF,Luton Town,22-353,2001,19.2,985,79,329,386,283,18,985,42,18,42.9,18,42.9,455,3134,1558,60,33,10,25,8,449,85
266,Sasa Kalajdzic,at AUT,FW,Wolves,26-297,1997,1.8,88,5,20,44,24,7,88,1,1,100,0,0,46,143,48,1,1,0,2,5,68,9
267,Boubacar Kamara,fr FRA,MF,Aston Villa,24-158,1999,18.4,1195,50,305,720,186,13,1195,30,14,46.7,12,40,769,3527,1663,19,22,1,19,13,880,10
268,Willy Kambwala,fr FRA,DF,Manchester Utd,19-248,2004,3.5,214,25,136,76,2,0,214,2,0,0,2,100,112,611,336,2,1,0,3,1,138,1
269,Thomas Kaminski,be BEL,GK,Luton Town,31-189,1992,35,1479,1055,1455,27,0,0,1479,2,2,100,0,0,750,4255,2258,0,0,0,1,0,613,0
270,Loris Karius,de GER,GK,Newcastle Utd,30-312,1993,1,41,34,41,0,0,0,41,0,0,,0,,17,57,25,0,0,0,0,0,15,0
271,Michael Keane,eng ENG,DF,Everton,31-109,1993,4.9,270,35,122,126,24,11,270,3,2,66.7,1,33.3,154,595,296,4,2,0,2,3,170,3
272,Thilo Kehrer,de GER,"DF,MF",West Ham,27-221,1996,0.2,12,2,2,8,2,0,12,0,0,,0,,3,15,5,0,0,0,0,0,6,1
273,Caoimhín Kelleher,ie IRL,GK,Liverpool,25-158,1998,10,457,269,446,11,0,0,457,0,0,,0,,367,1742,1077,0,0,0,0,0,330,0
274,Lloyd Kelly,eng ENG,DF,Bournemouth,25-206,1998,16.2,1008,121,413,460,141,10,1008,4,2,50,0,0,510,2549,1404,15,10,2,19,6,550,26
275,Omari Kellyman,eng ENG,FW,Aston Villa,18-227,2005,0.2,5,0,1,2,2,0,5,0,0,,0,,3,33,9,1,1,0,0,0,3,0
276,Milos Kerkez,hu HUN,DF,Bournemouth,20-174,2003,20.9,1061,79,354,380,341,30,1061,25,12,48,10,40,500,3099,1574,44,28,7,28,10,522,92
277,Kaine Kesler-Hayden,eng ENG,DF,Aston Villa,21-189,2002,0,0,0,0,0,0,0,0,0,0,,0,,0,0,0,0,0,0,0,0,0,0
278,Max Kilman,eng ENG,DF,Wolves,26-342,1997,35,2501,403,1340,1051,125,26,2501,15,10,66.7,2,13.3,1482,6872,3955,22,16,1,8,9,1734,5
279,Jakub Kiwior,pl POL,DF,Arsenal,24-074,2000,10.5,716,25,189,367,167,15,716,3,2,66.7,1,33.3,362,1264,681,4,8,1,8,2,462,16
280,Justin Kluivert,nl NED,"MF,FW",Bournemouth,24-360,1999,18.9,627,12,78,209,353,103,627,62,22,35.5,39,62.9,371,2611,1503,57,36,33,45,28,400,105
281,Luca Koleosho,it ITA,"MF,FW",Burnley,19-227,2004,10.8,416,5,33,149,240,52,416,78,33,42.3,39,50,299,2603,1383,53,37,29,22,14,313,82
282,Ibrahima Konaté,fr FRA,DF,Liverpool,24-340,1999,17.5,1622,86,533,1018,80,16,1622,10,6,60,1,10,1081,5747,3590,24,17,0,8,5,1162,3
283,Ezri Konsa,eng ENG,DF,Aston Villa,26-189,1997,31.1,2179,231,902,1056,236,34,2179,31,18,58.1,5,16.1,1428,6537,3526,34,19,3,23,12,1551,30
284,Cheikhou Kouyaté,sn SEN,MF,Nott'ham Forest,34-130,1989,2.3,108,10,30,49,29,5,108,2,1,50,1,50,37,112,46,0,1,0,3,3,48,5
285,Mateo Kovačić,hr CRO,MF,Manchester City,29-359,1994,14.3,1405,25,189,890,336,14,1405,28,19,67.9,6,21.4,984,5294,2340,33,41,1,12,20,1198,34
286,Emil Krafth,se SWE,DF,Newcastle Utd,29-271,1994,6.1,405,19,141,153,113,5,405,4,2,50,1,25,206,903,446,9,6,1,5,3,251,27
287,Dejan Kulusevski,se SWE,"FW,MF",Tottenham,24-004,2000,26.8,1450,11,149,433,896,204,1450,118,51,43.2,58,49.2,1037,6863,3473,137,57,75,75,51,1090,342
288,Adam Lallana,eng ENG,"MF,FW",Brighton,35-355,1988,8.8,554,5,79,262,216,39,554,12,3,25,8,66.7,343,1283,472,9,12,4,14,16,473,53
289,Tariq Lamptey,gh GHA,"DF,FW",Brighton,23-212,2000,8.5,459,17,106,192,164,19,459,16,6,37.5,6,37.5,307,1773,1041,30,14,10,20,2,323,51
290,Aymeric Laporte,es ESP,DF,Manchester City,29-338,1994,0.1,14,2,7,6,1,1,14,0,0,,0,,10,23,1,0,0,0,0,0,10,0
291,Yasser Larouci,dz ALG,DF,Sheffield Utd,23-119,2001,5.3,244,28,96,101,54,7,244,16,10,62.5,6,37.5,127,1154,698,17,13,4,1,5,122,11
292,Jamaal Lascelles,eng ENG,DF,Newcastle Utd,30-170,1993,12,872,101,397,437,41,20,872,3,1,33.3,1,33.3,519,2493,1461,8,6,0,2,4,634,3
293,Roméo Lavia,be BEL,MF,Chelsea,20-114,2004,0.4,30,1,2,26,2,0,30,0,0,,0,,22,83,40,0,0,0,0,0,26,0
294,Mario Lemina,ga GAB,MF,Wolves,30-241,1993,30.5,1648,118,498,876,301,50,1648,41,23,56.1,16,39,858,4481,2133,32,29,3,33,22,1086,47
295,Clément Lenglet,fr FRA,DF,Aston Villa,28-317,1995,11.8,946,152,463,431,56,12,946,8,3,37.5,2,25,677,4168,2693,26,16,0,2,2,730,1
296,Bernd Leno,de GER,GK,Fulham,32-056,1992,35,1518,1150,1508,10,0,0,1518,0,0,,0,,952,4178,2284,0,0,0,1,0,861,0
297,Jefferson Lerma,co COL,"MF,DF",Crystal Palace,29-187,1994,26.5,1491,99,409,807,287,40,1491,20,11,55,6,30,721,2945,1365,14,16,2,26,14,874,50
298,Rico Lewis,eng ENG,"DF,MF",Manchester City,19-160,2004,8.9,615,8,119,286,216,28,615,9,4,44.4,4,44.4,375,1714,930,19,19,5,2,12,480,43
299,Keane Lewis-Potter,eng ENG,"FW,DF",Brentford,23-067,2001,14.6,553,30,100,159,299,71,553,52,19,36.5,29,55.8,328,2493,1410,49,27,18,28,16,377,124
300,Victor Lindelöf,se SWE,DF,Manchester Utd,29-287,1994,14.8,1037,102,466,463,114,15,1037,1,1,100,0,0,620,3077,1621,17,14,0,5,3,706,17
301,Valentino Livramento,eng ENG,DF,Newcastle Utd,21-169,2002,12.6,793,53,255,349,200,19,793,28,15,53.6,8,28.6,437,2571,1276,38,17,8,13,15,486,66
302,Giovani Lo Celso,ar ARG,MF,Tottenham,28-020,1996,5.3,510,10,76,260,182,17,510,13,7,53.8,3,23.1,322,1691,836,22,19,0,9,7,409,26
303,Tom Lockyer,wls WAL,DF,Luton Town,29-148,1994,13,586,108,316,242,32,18,586,6,4,66.7,2,33.3,269,1504,883,6,6,1,6,2,247,2
304,Sean Longstaff,eng ENG,MF,Newcastle Utd,26-182,1997,27.1,1392,42,309,718,370,76,1392,19,8,42.1,10,52.6,726,2976,1207,17,18,4,31,34,979,105
305,Max Lowe,eng ENG,"DF,MF",Sheffield Utd,26-354,1997,4.4,161,21,61,53,49,6,161,3,1,33.3,2,66.7,54,219,83,4,2,1,5,0,64,7
306,Douglas Luiz,br BRA,MF,Aston Villa,25-356,1998,30.4,2187,77,476,1155,575,37,2183,45,23,51.1,15,33.3,1297,7004,3334,59,46,4,29,29,1524,48
307,Saša Lukić,rs SRB,MF,Fulham,27-260,1996,11.6,594,33,161,344,100,20,594,7,4,57.1,3,42.9,329,1511,667,9,11,1,11,10,360,26
308,Ian Maatsen,nl NED,"FW,MF",Chelsea,22-050,2002,2.3,179,7,49,56,75,8,179,4,0,0,4,100,100,555,315,9,5,2,8,7,117,15
309,Alexis Mac Allister,ar ARG,MF,Liverpool,25-127,1998,26.3,2145,62,369,1291,506,25,2144,33,17,51.5,12,36.4,1270,5395,2827,39,42,3,27,34,1508,40
310,James Maddison,eng ENG,MF,Tottenham,27-158,1996,20.2,1456,22,115,644,708,98,1456,74,28,37.8,33,44.6,1047,5407,2220,54,48,28,27,28,1199,126
311,Noni Madueke,eng ENG,FW,Chelsea,22-050,2002,7.8,465,9,53,154,269,49,464,52,24,46.2,18,34.6,301,2444,1571,57,27,23,21,11,351,97
312,Gabriel Magalhães,br BRA,DF,Arsenal,26-132,1997,31.2,2291,298,978,1107,217,39,2291,4,1,25,2,50,1351,5593,3238,13,34,1,11,3,1596,8
313,Harry Maguire,eng ENG,DF,Manchester Utd,31-055,1993,18.4,1313,201,626,603,89,36,1313,2,0,0,2,100,702,4638,2771,20,13,2,9,2,782,2
314,Kobbie Mainoo,eng ENG,MF,Manchester Utd,19-010,2005,17.6,867,54,255,445,177,21,867,43,22,51.2,16,37.2,525,2397,1113,14,16,5,25,20,605,24
315,Orel Mangala,be BEL,MF,Nott'ham Forest,26-042,1998,17.4,819,46,245,471,116,9,819,30,13,43.3,13,43.3,429,2097,961,13,11,1,17,18,529,14
316,Benson Manuel,be BEL,"MF,FW",Burnley,27-032,1997,1.1,73,0,8,19,46,3,73,11,4,36.4,6,54.5,55,437,187,5,7,0,3,3,61,14
317,Solly March,eng ENG,"FW,DF",Brighton,29-284,1994,6.2,336,12,71,123,145,18,336,18,8,44.4,8,44.4,198,975,491,14,7,3,8,10,211,44
318,Anthony Martial,fr FRA,FW,Manchester Utd,28-146,1995,5,178,3,11,81,89,16,178,6,2,33.3,2,33.3,105,444,168,6,6,1,14,10,148,36
319,Gabriel Martinelli,br BRA,FW,Arsenal,22-316,2001,21.1,1158,11,91,289,790,179,1158,107,37,34.6,57,53.3,796,5367,2722,113,46,71,49,37,893,312
320,Emiliano Martínez,ar ARG,GK,Aston Villa,31-240,1992,32.5,1459,1105,1434,25,0,0,1459,0,0,,0,,900,4221,2634,0,0,0,1,0,771,0
321,Lisandro Martínez,ar ARG,DF,Manchester Utd,26-102,1998,6.4,463,65,208,240,16,1,463,3,2,66.7,1,33.3,314,1664,1007,8,3,0,1,3,326,1
322,Han-Noah Massengo,fr FRA,"MF,DF",Burnley,22-297,2001,0.2,16,0,5,6,5,0,16,0,0,,0,,6,34,16,2,1,0,1,0,7,0
323,Pape Matar Sarr,sn SEN,MF,Tottenham,21-228,2002,18.9,1327,55,237,702,402,38,1327,35,16,45.7,17,48.6,881,5049,1930,34,46,3,31,12,1003,76
324,Jean-Philippe Mateta,fr FRA,FW,Crystal Palace,26-306,1997,23,665,17,62,274,343,93,663,61,24,39.3,33,54.1,396,1878,613,25,12,12,82,76,492,123
325,Joël Matip,cm CMR,DF,Liverpool,32-265,1991,8.7,665,90,303,327,37,12,665,2,0,0,2,100,421,2195,1406,8,13,0,3,4,451,1
326,Alex Matos,eng ENG,MF,Chelsea,19-209,2004,0,0,0,0,0,0,0,0,0,0,,0,,1,1,0,0,0,0,0,1,1,0
327,Remi Matthews,eng ENG,GK,Crystal Palace,30-079,1994,0,6,5,6,0,0,0,6,0,0,,0,,2,18,0,0,0,0,0,0,1,0
328,Neal Maupay,fr FRA,FW,Brentford,27-259,1996,14.5,525,6,58,218,259,71,525,32,9,28.1,19,59.4,291,1400,556,20,22,12,28,24,375,90
329,Neal Maupay,fr FRA,FW,Everton,27-259,1996,1.2,40,1,1,21,19,8,40,0,0,,0,,20,89,34,1,1,1,6,3,28,6
330,Konstantinos Mavropanos,gr GRE,DF,West Ham,26-140,1997,15.7,786,109,400,359,33,18,786,5,2,40,2,40,373,2240,1305,10,1,1,7,0,397,2
331,Bryan Mbeumo,cm CMR,FW,Brentford,24-266,1999,18.8,894,23,93,301,508,97,891,63,18,28.6,35,55.6,561,3574,1662,61,42,30,55,32,615,164
332,James Mcatee,eng ENG,"MF,FW",Sheffield Utd,21-194,2002,20,771,23,119,310,358,68,770,91,32,35.2,52,57.1,444,3195,1433,55,33,18,48,39,464,108
333,James Mcatee,eng ENG,MF,Manchester City,21-194,2002,0,1,0,0,0,1,0,1,0,0,,0,,0,0,0,0,0,0,0,0,0,0
334,Oliver McBurnie,sct SCO,FW,Sheffield Utd,27-330,1996,14.2,583,31,68,288,230,74,581,17,6,35.3,10,58.8,245,923,305,6,11,4,25,18,420,60
335,James McConnell,eng ENG,MF,Liverpool,19-229,2004,0,10,0,1,7,2,0,10,1,0,0,0,0,5,47,11,0,1,0,1,0,6,0
336,John McGinn,sct SCO,"MF,FW",Aston Villa,29-194,1994,30.4,1432,42,233,737,481,57,1432,87,49,56.3,25,28.7,916,4706,2194,54,43,9,50,55,1011,80
337,Scott McKenna,sct SCO,DF,Nott'ham Forest,27-169,1996,4.6,244,43,142,92,11,5,244,0,0,,0,,102,365,177,1,0,0,3,0,107,0
338,Dwight McNeil,eng ENG,"MF,FW",Everton,24-159,1999,29.4,1480,45,223,616,673,69,1480,63,28,44.4,31,49.2,838,5422,2398,76,59,14,59,58,935,140
339,Scott McTominay,sct SCO,"MF,FW",Manchester Utd,27-143,1996,18.1,811,68,211,421,190,47,811,18,8,44.4,8,44.4,416,1855,824,21,15,4,26,14,491,39
340,Ben Mee,eng ENG,DF,Brentford,34-221,1989,14.1,829,109,388,364,79,25,829,6,3,50,3,50,388,1958,1150,11,4,1,9,7,447,9
341,Hannibal Mejbri,tn TUN,"MF,FW",Manchester Utd,21-099,2003,1.5,59,2,12,30,19,3,59,5,2,40,1,20,35,156,74,2,0,0,7,4,34,10
342,Teden Mengi,eng ENG,DF,Luton Town,21-365,2002,25.3,1188,203,611,519,65,21,1188,10,6,60,3,30,549,3010,1575,14,7,2,18,5,563,1
343,Chris Mepham,wls WAL,DF,Bournemouth,26-176,1997,6.9,434,48,182,227,25,6,434,0,0,,0,,235,1304,736,4,4,0,2,2,242,1
344,Lewis Miley,eng ENG,MF,Newcastle Utd,17-364,2006,13.4,674,36,164,305,212,35,674,17,8,47.1,8,47.1,350,1664,654,14,7,6,16,10,435,54
345,James Milner,eng ENG,"DF,MF",Brighton,38-116,1986,8.6,675,25,135,300,245,17,675,8,3,37.5,4,50,395,1230,562,11,6,4,11,6,457,73
346,Tyrone Mings,eng ENG,DF,Aston Villa,31-047,1993,0.3,8,3,5,2,1,1,8,0,0,,0,,4,8,3,0,0,0,1,0,4,0
347,Tyrick Mitchell,eng ENG,"DF,MF",Crystal Palace,24-241,1999,32.8,1889,115,710,702,494,41,1889,32,15,46.9,15,46.9,745,2832,1307,22,19,6,42,27,890,133
348,Kaoru Mitoma,jp JPN,FW,Brighton,26-345,1997,16.5,852,17,79,270,514,136,852,94,39,41.5,44,46.8,616,4879,3147,121,54,62,38,15,677,239
349,Aleksandar Mitrović,rs SRB,FW,Fulham,29-226,1994,0.4,12,0,1,6,6,4,12,3,3,100,0,0,5,29,15,0,0,0,0,0,8,0
350,Jakub Moder,pl POL,MF,Brighton,25-022,1999,5.6,306,15,85,143,81,12,306,9,4,44.4,4,44.4,175,702,356,10,5,2,10,5,212,20
351,Kudus Mohammed,gh GHA,"FW,MF",West Ham,23-271,2000,24.6,1182,18,176,512,544,89,1182,194,103,53.1,71,36.6,811,5969,2695,100,54,34,76,81,841,193
352,Gonzalo Montiel,ar ARG,DF,Nott'ham Forest,27-119,1997,6.2,375,39,138,142,99,10,375,0,0,,0,,167,824,457,6,10,0,7,3,190,23
353,Kieffer Moore,wls WAL,"FW,MF",Bournemouth,31-265,1992,1.2,53,0,2,21,30,12,53,3,1,33.3,1,33.3,29,93,34,2,0,0,3,1,47,15
354,Álex Moreno,es ESP,DF,Aston Villa,30-326,1993,11.4,687,40,246,234,211,29,687,35,15,42.9,17,48.6,361,2280,1073,31,19,10,14,6,380,83
355,Carlton Morris,eng ENG,"FW,MF",Luton Town,28-135,1995,28.8,969,52,104,452,421,123,965,48,27,56.3,17,35.4,489,2487,956,31,28,16,52,52,725,108
356,Mason Mount,eng ENG,"MF,FW",Manchester Utd,25-110,1999,4.9,254,10,38,105,114,15,254,11,4,36.4,5,45.5,132,686,279,7,4,1,10,6,155,31
357,Divin Mubama,eng ENG,FW,West Ham,19-187,2004,0.9,32,0,3,20,9,1,32,0,0,,0,,18,41,12,0,1,0,6,0,24,5
358,Mykhailo Mudryk,ua UKR,FW,Chelsea,23-115,2001,14.6,667,11,92,217,370,69,667,72,32,44.4,30,41.7,451,3676,2098,79,54,31,49,17,494,122
359,Rodrigo Muniz,br BRA,FW,Fulham,22-361,2001,16.3,431,27,40,186,209,113,431,20,5,25,13,65,245,770,253,8,4,4,48,32,324,71
360,Daniel Muñoz,co COL,"DF,MF",Crystal Palace,27-339,1996,13,755,48,225,325,212,27,755,24,10,41.7,12,50,293,1357,563,17,14,3,16,4,357,59
361,Arijanet Muric,xk KVX,GK,Burnley,25-174,1998,7,466,258,420,46,0,0,466,0,0,,0,,305,1747,1069,0,0,0,0,0,290,0
362,Murillo,br BRA,DF,Nott'ham Forest,21-300,2002,28,1689,310,950,670,88,27,1689,33,19,57.6,14,42.4,919,5078,3173,19,14,2,20,15,1015,7
363,Alex Murphy,ie IRL,"DF,FW",Newcastle Utd,19-309,2004,0.1,21,0,4,15,2,0,21,0,0,,0,,16,72,37,0,0,0,1,0,16,0
364,Jacob Murphy,eng ENG,"FW,DF",Newcastle Utd,29-065,1995,10.3,524,19,92,191,252,38,524,22,12,54.5,9,40.9,290,1641,769,27,21,14,17,13,334,78
365,Vitaliy Mykolenko,ua UKR,DF,Everton,24-336,1999,27.4,1501,123,531,611,374,30,1501,31,18,58.1,11,35.5,608,2518,1028,14,22,0,39,11,691,68
366,Marvelous Nakamba,zw ZIM,MF,Luton Town,30-101,1994,12.6,546,30,133,320,101,3,546,10,3,30,5,50,224,1064,344,1,8,0,10,4,251,5
367,Michael Ndiweni,eng ENG,FW,Newcastle Utd,20-149,2003,0,2,0,0,2,0,0,2,0,0,,0,,0,0,0,0,0,0,0,0,0,0
368,Reiss Nelson,eng ENG,FW,Arsenal,24-141,1999,3,188,8,30,67,96,13,188,7,1,14.3,6,85.7,129,729,281,9,5,4,11,4,128,26
369,Zack Nelson,eng ENG,"MF,DF",Luton Town,19-218,2004,0.1,6,0,3,3,0,0,6,0,0,,0,,2,9,2,0,0,0,1,0,2,0
370,Neto,br BRA,GK,Bournemouth,34-285,1989,31,1108,926,1099,9,0,0,1108,2,2,100,0,0,620,3686,2437,0,0,0,0,0,463,0
371,Pedro Neto,pt POR,"FW,MF",Wolves,24-051,2000,16.7,894,4,62,355,499,83,894,88,37,42,42,47.7,574,4848,2558,97,63,42,44,20,673,148
372,Moussa Niakhate,sn SEN,DF,Nott'ham Forest,28-052,1996,14.9,863,113,441,329,102,7,863,2,2,100,0,0,475,2348,1116,12,11,1,4,2,510,6
373,Eddie Nketiah,eng ENG,FW,Arsenal,24-335,1999,12,371,5,18,148,207,75,371,30,8,26.7,15,50,236,1195,497,22,12,11,38,18,275,77
374,Christopher Nkunku,fr FRA,"FW,MF",Chelsea,26-167,1997,3.5,139,4,9,52,78,22,139,4,1,25,3,75,82,343,148,7,5,2,13,4,109,28
375,Rhys Norrington-Davies,wls WAL,DF,Sheffield Utd,25-007,1999,1.2,77,4,26,38,14,1,77,1,1,100,0,0,46,266,119,3,1,0,2,2,47,6
376,Oliver Norwood,nir NIR,MF,Sheffield Utd,33-017,1991,16,1068,65,327,575,170,6,1067,3,1,33.3,1,33.3,470,1695,666,3,5,0,9,4,630,10
377,Matheus Nunes,pt POR,MF,Wolves,25-246,1998,2,131,4,30,66,40,6,131,17,11,64.7,4,23.5,93,634,336,7,6,3,3,4,95,9
378,Matheus Nunes,pt POR,MF,Manchester City,25-246,1998,7.2,518,13,59,230,236,35,518,23,9,39.1,13,56.5,338,1968,963,28,22,10,17,12,427,57
379,Darwin Núñez,uy URU,FW,Liverpool,24-310,1999,22.2,755,13,40,217,512,189,754,43,15,34.9,20,46.5,455,2595,1233,55,34,34,51,28,561,201
380,Ethan Nwaneri,eng ENG,FW,Arsenal,17-039,2007,0.2,20,0,0,9,11,2,20,1,0,0,0,0,16,123,66,2,2,0,0,0,17,1
381,Christian Nørgaard,dk DEN,MF,Brentford,30-050,1994,25.2,1657,88,470,852,343,52,1657,11,6,54.5,4,36.4,772,2991,1432,12,23,3,21,12,969,39
382,Mark O'Mahony,ie IRL,FW,Brighton,19-106,2005,0.7,,,,,,,,,,,,,,,,,,,,,,
383,Dara O'Shea,ie IRL,DF,Burnley,25-056,1999,29.1,1903,280,895,888,129,45,1903,2,1,50,1,50,1028,5300,3263,28,13,1,9,1,1193,8
384,Michael Obafemi,ie IRL,"FW,MF",Burnley,23-298,2000,0.2,9,0,0,3,6,4,9,3,3,100,0,0,6,32,11,0,0,0,0,1,6,3
385,Wilson Odobert,fr FRA,"MF,FW",Burnley,19-153,2004,20.3,703,24,125,261,335,85,703,95,45,47.4,43,45.3,458,3934,2504,85,49,39,44,28,488,104
386,Odeluga Offiah,eng ENG,DF,Brighton,21-186,2002,1.3,75,1,30,21,26,1,75,4,3,75,1,25,49,343,222,7,4,1,1,0,56,6
387,Chiedozie Ogbene,ie IRL,"MF,DF",Luton Town,26-364,1997,21.1,1013,46,193,363,487,84,1013,116,59,50.9,41,35.3,624,5761,3491,122,71,44,57,20,629,142
388,Angelo Ogbonna,it ITA,DF,West Ham,35-342,1988,5.1,187,54,135,49,3,3,187,1,1,100,0,0,91,467,126,2,0,1,0,0,99,0
389,Michael Olakigbe,eng ENG,"DF,FW",Brentford,20-004,2004,0.7,70,0,11,21,38,10,70,11,3,27.3,7,63.6,42,437,229,10,5,3,4,1,48,17
390,Michael Olise,fr FRA,"FW,MF",Crystal Palace,22-139,2001,11.3,762,10,92,314,373,60,761,65,37,56.9,20,30.8,449,3186,1800,56,40,22,35,28,549,107
391,Robin Olsen,se SWE,GK,Aston Villa,34-112,1990,2.5,108,103,108,0,0,0,108,0,0,,0,,62,307,132,0,0,0,0,0,56,0
392,Andrew Omobamidele,ie IRL,DF,Nott'ham Forest,21-311,2002,8.7,399,76,222,164,14,5,399,0,0,,0,,217,1082,429,1,0,0,3,0,246,0
393,Amadou Onana,be BEL,MF,Everton,22-257,2001,20.8,1159,53,253,654,261,26,1159,25,11,44,7,28,596,2690,1265,20,28,4,18,8,756,35
394,André Onana,cm CMR,GK,Manchester Utd,28-027,1996,34,1442,1092,1409,33,0,0,1442,1,1,100,0,0,985,5161,3344,1,0,0,1,0,842,0
395,Ryan One,sct SCO,FW,Sheffield Utd,17-308,2006,0.1,2,1,1,1,1,0,2,0,0,,0,,1,11,11,1,1,0,0,0,0,0
396,Tyler Onyango,eng ENG,MF,Everton,21-056,2003,0,0,0,0,0,0,0,0,0,0,,0,,0,0,0,0,0,0,0,0,0,0
397,Fred Onyedinma,eng ENG,"DF,MF",Luton Town,27-157,1996,3,125,9,40,41,45,12,125,5,1,20,3,60,55,354,151,7,6,4,9,4,59,12
398,Frank Onyeka,ng NGA,MF,Brentford,26-119,1998,12.8,571,32,127,281,173,28,571,29,11,37.9,14,48.3,315,1594,586,17,14,4,33,12,327,39
399,Divock Origi,be BEL,FW,Nott'ham Forest,29-011,1995,6.7,225,3,23,103,105,26,225,24,9,37.5,12,50,144,914,409,19,9,9,16,10,172,41
400,Stefan Ortega,de GER,GK,Manchester City,31-175,1992,5.8,251,189,248,3,0,0,251,0,0,,0,,172,722,418,0,0,0,0,0,169,0
401,Ben Osborn,eng ENG,"DF,MF",Sheffield Utd,29-268,1994,14.1,682,36,200,291,197,9,682,12,6,50,6,50,342,1493,663,15,10,1,14,9,384,39
402,Gabriel Osho,ng NGA,DF,Luton Town,25-259,1998,17.5,832,150,457,333,51,17,832,10,6,60,4,40,383,1726,783,4,8,0,10,10,398,2
403,William Osula,dk DEN,FW,Sheffield Utd,20-269,2003,8.7,200,9,24,78,104,28,200,17,3,17.6,12,70.6,108,606,224,7,8,3,32,15,140,41
404,Dango Ouattara,bf BFA,"FW,DF",Bournemouth,22-078,2002,11.6,673,33,181,234,272,59,673,35,18,51.4,13,37.1,306,2116,1131,41,18,15,19,12,352,75
405,David Ozoh,eng ENG,"MF,DF",Crystal Palace,18-334,2005,1.7,73,1,19,44,11,0,73,3,1,33.3,2,66.7,37,161,39,2,2,0,2,4,42,3
406,João Palhinha,pt POR,MF,Fulham,28-295,1995,27,1573,105,496,869,225,40,1573,22,11,50,9,40.9,717,2560,921,8,10,0,28,26,894,12
407,Cole Palmer,eng ENG,MF,Manchester City,21-359,2002,0.1,6,0,0,4,2,0,6,0,0,,0,,6,35,4,0,0,0,1,0,6,0
408,Cole Palmer,eng ENG,"FW,MF",Chelsea,21-359,2002,24,1477,18,150,635,709,102,1468,84,41,48.8,38,45.2,978,6102,2882,94,51,36,50,38,1152,156
409,Emerson Palmieri,it ITA,DF,West Ham,29-270,1994,32.2,2015,158,618,924,491,35,2015,60,22,36.7,30,50,988,5129,2568,54,44,9,33,16,1157,114
410,Lucas Paquetá,br BRA,"FW,MF",West Ham,26-246,1997,26.4,1689,37,288,933,491,58,1687,73,39,53.4,28,38.4,1000,4096,1626,32,39,9,66,78,1231,109
411,Ben Parkinson,eng ENG,FW,Newcastle Utd,19-050,2005,0.3,6,2,2,1,3,0,6,0,0,,0,,0,0,0,0,0,0,0,0,2,0
412,Thomas Partey,gh GHA,"MF,DF",Arsenal,30-321,1993,6,507,14,104,307,102,6,507,12,8,66.7,2,16.7,312,1466,792,12,13,1,4,7,377,6
413,Nathan Patterson,sct SCO,DF,Everton,22-196,2001,11.2,677,49,199,275,209,9,677,18,7,38.9,10,55.6,291,1263,642,17,14,4,19,6,338,39
414,Myles Peart-Harris,eng ENG,"DF,MF",Brentford,21-224,2002,0.1,11,0,1,3,7,1,11,0,0,,0,,8,64,37,2,1,0,0,2,8,1
415,Sydie Peck,eng ENG,MF,Sheffield Utd,19-229,2004,0.1,1,0,0,1,0,0,1,0,0,,0,,0,0,0,0,0,0,0,0,1,0
416,Facundo Pellistri,uy URU,"FW,MF",Manchester Utd,22-131,2001,1.9,117,5,23,37,58,13,117,11,5,45.5,4,36.4,74,482,185,6,7,4,4,4,79,31
417,Andreas Pereira,br BRA,MF,Fulham,28-119,1996,27.4,1432,19,135,631,675,60,1432,40,18,45,22,55,781,4188,1906,52,49,10,49,41,954,121
418,Ivan Perišić,hr CRO,FW,Tottenham,35-087,1989,1.1,93,3,24,20,49,10,93,7,4,57.1,3,42.9,65,398,277,15,5,6,2,0,74,17
419,Đorđe Petrović,rs SRB,GK,Chelsea,24-204,1999,17.1,647,566,644,3,0,0,647,0,0,,0,,388,1659,883,0,0,0,1,0,358,0
420,Kalvin Phillips,eng ENG,MF,West Ham,28-149,1995,3.4,215,7,43,153,21,1,215,5,1,20,4,80,110,585,240,3,1,0,4,3,136,4
421,Kalvin Phillips,eng ENG,MF,Manchester City,28-149,1995,1,87,3,14,52,23,1,87,3,1,33.3,2,66.7,51,402,221,7,5,1,4,2,57,3
422,Jaden Philogene Bidace,eng ENG,FW,Aston Villa,22-081,2002,0,4,0,1,1,2,1,4,0,0,,0,,2,39,39,2,1,1,0,0,3,1
423,Jordan Pickford,eng ENG,GK,Everton,30-053,1994,35,1540,1009,1415,130,0,0,1540,0,0,,0,,841,5619,3656,1,0,0,0,0,709,0
424,Ethan Pinnock,jm JAM,DF,Brentford,30-336,1993,25,1602,267,900,604,105,41,1602,9,6,66.7,2,22.2,827,4537,2778,11,4,1,9,3,933,15
425,Nick Pope,eng ENG,GK,Newcastle Utd,32-010,1992,13.9,400,337,396,3,1,1,400,0,0,,0,,199,1014,576,0,0,0,0,0,160,0
426,Pedro Porro,es ESP,DF,Tottenham,24-229,1999,29.5,2358,151,691,911,776,57,2358,45,23,51.1,17,37.8,1139,4428,2316,45,36,8,32,13,1390,133
427,Jarell Quansah,eng ENG,DF,Liverpool,21-091,2003,10.2,1063,68,420,616,32,3,1063,6,3,50,3,50,781,4249,2164,10,7,0,1,2,810,0
428,Ionuț Radu,ro ROU,GK,Bournemouth,26-337,1997,2,70,64,70,0,0,0,70,0,0,,0,,51,215,101,0,0,0,0,0,40,0
429,Jesurun Rak Sakyi,eng ENG,"MF,FW",Crystal Palace,21-207,2002,1.5,77,1,10,19,48,13,77,10,4,40,5,50,46,252,145,7,3,5,4,3,54,18
430,Aaron Ramsdale,eng ENG,GK,Arsenal,25-351,1998,6,197,140,186,11,0,0,197,0,0,,0,,137,697,399,0,0,0,1,0,104,0
431,Aaron Ramsey,eng ENG,"MF,FW",Burnley,21-099,2003,5.9,228,15,63,102,65,9,228,10,3,30,6,60,117,514,168,8,5,4,11,10,142,17
432,Jacob Ramsey,eng ENG,"FW,MF",Aston Villa,22-337,2001,9.5,433,10,69,178,195,47,433,20,8,40,11,55,271,1777,836,33,19,11,18,21,314,69
433,Marcus Rashford,eng ENG,FW,Manchester Utd,26-181,1997,25,1003,22,120,332,566,129,1001,106,47,44.3,51,48.1,677,4903,2336,93,51,64,59,38,783,183
434,David Raya,es ESP,GK,Arsenal,28-227,1995,29,1005,701,972,33,0,0,1005,0,0,,0,,665,3126,1839,0,0,0,1,0,587,0
435,Tim Ream,us USA,DF,Fulham,36-207,1987,15.7,1149,148,543,584,30,7,1149,6,5,83.3,1,16.7,710,4044,2660,11,6,2,6,3,774,3
436,Nathan Redmond,eng ENG,"FW,MF",Burnley,30-054,1994,1.6,88,3,10,31,50,9,88,6,4,66.7,2,33.3,57,435,291,7,5,1,1,2,67,22
437,Harrison Reed,eng ENG,MF,Fulham,29-093,1995,13.9,841,31,205,468,169,9,841,10,5,50,5,50,431,1636,551,9,9,1,18,13,573,37
438,Sergio Reguilón,es ESP,DF,Manchester Utd,27-135,1996,4.6,378,8,70,155,155,9,378,11,3,27.3,4,36.4,184,847,441,11,4,2,8,1,217,38
439,Sergio Reguilón,es ESP,DF,Brentford,27-135,1996,9.6,512,38,174,175,174,19,512,19,8,42.1,9,47.4,225,1379,740,26,17,1,21,5,241,33
440,Bobby Reid,jm JAM,FW,Fulham,31-087,1993,15,637,22,91,287,264,49,637,24,8,33.3,11,45.8,374,1771,838,33,18,10,30,9,453,89
441,Gio Reyna,us USA,"FW,MF",Nott'ham Forest,21-168,2002,2.6,173,2,18,71,84,12,173,7,3,42.9,4,57.1,83,327,102,3,2,2,8,4,121,14
442,Rodrigo Ribeiro,pt POR,"MF,FW",Nott'ham Forest,19-001,2005,0.2,10,0,0,3,7,2,10,1,0,0,1,100,7,59,43,2,1,0,0,1,7,1
443,Declan Rice,eng ENG,MF,Arsenal,25-106,1999,32.8,2481,99,562,1312,627,54,2481,41,19,46.3,17,41.5,1572,9460,4788,66,60,13,29,19,1821,55
444,Chris Richards,us USA,"DF,MF",Crystal Palace,24-032,2000,20.3,1000,139,475,459,71,17,1000,1,1,100,0,0,466,1881,701,0,5,0,7,4,554,1
445,Richarlison,br BRA,FW,Tottenham,26-355,1997,15.5,614,31,84,234,302,111,614,36,10,27.8,23,63.9,371,1566,676,24,10,13,47,39,429,101
446,Jaïro Riedewald,nl NED,"MF,FW",Crystal Palace,27-233,1996,2.3,107,2,21,60,27,5,107,2,1,50,1,50,47,174,58,2,0,1,3,2,62,2
447,Matt Ritchie,sct SCO,"FW,MF",Newcastle Utd,34-232,1989,1.4,106,6,24,37,45,7,106,2,0,0,1,50,50,243,134,3,4,1,2,1,73,10
448,Connor Roberts,wls WAL,DF,Burnley,28-219,1995,9.1,557,28,182,259,120,6,557,2,0,0,2,100,309,1163,620,6,10,0,3,1,358,13
449,Andrew Robertson,sct SCO,DF,Liverpool,30-049,1994,17.1,1551,64,361,715,481,44,1551,14,4,28.6,10,71.4,892,4192,2375,56,37,6,17,5,1036,115
450,Antonee Robinson,us USA,DF,Fulham,26-265,1997,33.4,2331,151,837,902,621,62,2331,75,35,46.7,31,41.3,1184,7125,3763,92,66,8,44,16,1279,186
451,Jack Robinson,eng ENG,DF,Sheffield Utd,30-241,1993,29.1,1382,227,719,523,149,27,1382,11,5,45.5,3,27.3,608,2604,1237,6,6,1,16,2,670,11
452,Rodri,es ESP,MF,Manchester City,27-312,1996,28.6,3541,104,618,2057,890,71,3541,57,38,66.7,11,19.3,2260,10555,5875,71,83,12,20,27,2870,50
453,Jay Rodriguez,eng ENG,FW,Burnley,34-275,1989,9,306,11,48,161,97,24,305,9,6,66.7,3,33.3,151,435,137,2,3,1,20,5,218,28
454,Mads Roerslev,dk DEN,DF,Brentford,24-310,1999,20.5,878,95,332,311,241,22,878,28,11,39.3,15,53.6,405,1816,790,16,11,6,20,14,470,85
455,Morgan Rogers,eng ENG,"MF,FW",Aston Villa,21-278,2002,6.8,280,10,66,125,95,22,280,33,17,51.5,12,36.4,144,1047,546,22,11,6,17,11,180,30
456,Cristian Romero,ar ARG,DF,Tottenham,26-002,1998,26,2473,287,1059,1268,166,21,2473,7,4,57.1,1,14.3,1664,8104,5264,30,38,0,11,4,1758,4
457,Joe Rothwell,eng ENG,MF,Bournemouth,29-109,1995,4.3,251,8,49,147,56,1,251,13,7,53.8,4,30.8,140,862,437,6,4,0,5,2,155,3
458,Pelly Ruddock Mpanzu,cd COD,MF,Luton Town,30-287,1993,12,474,29,112,235,130,15,474,16,9,56.3,6,37.5,234,958,378,10,7,5,12,16,267,15
459,José Sá,pt POR,GK,Wolves,31-103,1993,31.7,1105,962,1096,8,1,0,1105,3,3,100,0,0,635,4366,2930,0,1,1,1,1,450,0
460,Dominic Sadi,eng ENG,FW,Bournemouth,20-240,2003,0,2,0,0,2,0,0,2,0,0,,0,,1,6,0,0,0,0,0,0,1,0
461,Bukayo Saka,eng ENG,FW,Arsenal,22-237,2001,30.6,1850,32,168,452,1242,250,1845,111,44,39.6,50,45,1168,6822,3513,152,63,69,54,47,1328,490
462,Mohamed Salah,eg EGY,FW,Liverpool,31-319,1992,25.2,1224,4,45,420,773,215,1217,70,24,34.3,45,64.3,873,4720,2320,86,49,57,67,51,997,298
463,William Saliba,fr FRA,DF,Arsenal,23-036,2001,35,2841,202,1137,1591,120,12,2841,12,7,58.3,4,33.3,1827,8167,4740,16,19,1,21,13,2107,5
464,Albert Sambi Lokonga,be BEL,MF,Luton Town,24-190,1999,11.5,711,47,173,407,138,7,711,22,11,50,7,31.8,427,2410,1370,25,14,1,8,7,472,9
465,Davinson Sánchez,co COL,DF,Tottenham,27-322,1996,0.9,83,8,24,45,14,1,83,0,0,,0,,68,238,80,0,2,0,1,0,66,0
466,Robert Sánchez,es ESP,GK,Chelsea,26-163,1997,15.9,649,561,644,5,0,0,649,0,0,,0,,392,1890,1130,0,0,0,1,0,360,0
467,Jadon Sancho,eng ENG,"FW,MF",Manchester Utd,24-035,2000,0.9,51,4,12,18,26,6,51,7,3,42.9,3,42.9,38,298,192,10,5,5,0,2,34,5
468,Ibrahim Sangaré,ci CIV,MF,Nott'ham Forest,26-149,1997,11.1,545,35,169,288,91,12,545,12,6,50,6,50,276,1214,534,5,4,0,10,7,323,7
469,Andrey Santos,br BRA,MF,Nott'ham Forest,19-362,2004,0.1,10,1,3,3,4,0,10,1,0,0,1,100,2,15,13,0,0,0,0,0,4,0
470,Pablo Sarabia,es ESP,"MF,FW",Wolves,31-354,1992,18.9,1130,13,133,534,475,54,1128,40,15,37.5,22,55,666,3204,1466,41,50,9,40,23,793,131
471,Dane Scarlett,eng ENG,FW,Tottenham,20-036,2004,0,4,0,0,4,0,0,4,0,0,,0,,5,10,2,0,0,0,2,0,5,0
472,Kevin Schade,de GER,FW,Brentford,22-154,2001,3.2,127,3,13,54,60,17,127,12,2,16.7,10,83.3,71,524,221,7,2,5,13,3,82,19
473,Fabian Schär,ch SUI,DF,Newcastle Utd,32-131,1991,32.6,2421,355,1284,1025,133,39,2421,21,12,57.1,8,38.1,1455,7763,4835,27,42,1,17,12,1642,20
474,Jeffrey Schlupp,gh GHA,"FW,MF",Crystal Palace,31-128,1992,14.9,531,22,109,248,182,27,531,41,17,41.5,20,48.8,284,1358,623,20,10,6,41,21,334,50
475,Alex Scott,eng ENG,MF,Bournemouth,20-252,2003,10.1,551,28,108,261,198,28,551,35,12,34.3,19,54.3,293,1886,1003,24,20,9,16,10,323,30
476,Matz Sels,be BEL,GK,Nott'ham Forest,32-063,1992,13,341,278,336,5,0,0,341,0,0,,0,,172,882,486,0,0,0,0,0,149,0
477,Nélson Semedo,pt POR,"DF,MF",Wolves,30-165,1993,32,2078,127,689,907,512,37,2078,83,49,59,25,30.1,1164,7207,4028,98,61,14,54,34,1274,145
478,Antoine Semenyo,gh GHA,"FW,MF",Bournemouth,24-113,2000,20.4,876,27,117,331,447,104,876,99,42,42.4,48,48.5,517,4349,2079,75,43,33,50,44,593,161
479,Marcos Senesi,ar ARG,DF,Bournemouth,26-355,1997,22.1,1428,159,670,672,104,17,1428,18,10,55.6,7,38.9,787,4092,2664,26,25,3,15,11,838,3
480,Luke Shaw,eng ENG,DF,Manchester Utd,28-292,1995,10.7,754,81,283,326,148,12,754,11,7,63.6,4,36.4,398,1854,832,10,11,1,14,6,435,30
481,Bernardo Silva,pt POR,"MF,FW",Manchester City,29-263,1994,24.8,1904,32,215,786,913,125,1904,54,33,61.1,19,35.2,1317,7379,4014,124,65,28,41,29,1526,221
482,Fábio Silva,pt POR,FW,Wolves,21-285,2002,2.9,118,4,24,55,44,12,118,8,2,25,5,62.5,66,437,186,5,5,1,12,4,69,13
483,Thiago Silva,br BRA,DF,Chelsea,39-220,1984,25.2,2266,341,1135,1070,69,18,2266,4,2,50,0,0,1472,6250,3466,2,11,0,7,1,1682,3
484,Luis Sinisterra,co COL,"FW,MF",Bournemouth,24-317,1999,7.8,430,11,63,134,242,83,430,49,29,59.2,18,36.7,267,2098,1195,51,20,35,24,10,309,85
485,Oliver Skipp,eng ENG,"MF,FW",Tottenham,23-226,2000,6.5,363,11,68,211,85,10,363,2,1,50,1,50,185,655,323,6,2,1,8,5,269,22
486,Adam Smith,eng ENG,DF,Bournemouth,33-000,1991,22,1151,82,372,507,278,11,1151,13,4,30.8,6,46.2,472,2302,950,23,21,3,13,7,543,28
487,Emile Smith Rowe,eng ENG,MF,Arsenal,23-276,2000,3.7,235,1,20,101,115,17,235,7,3,42.9,3,42.9,141,762,432,10,6,1,6,4,177,17
488,Cédric Soares,pt POR,DF,Arsenal,32-242,1991,0.7,69,0,10,47,12,0,69,0,0,,0,,37,139,69,0,0,0,0,0,56,6
489,Dominic Solanke,eng ENG,FW,Bournemouth,26-228,1997,34.6,1014,54,109,402,520,199,1011,100,38,38,55,55,569,3607,1344,49,22,25,131,78,691,172
490,Manor Solomon,il ISR,FW,Tottenham,24-280,1999,2.2,125,1,14,29,83,20,125,17,10,58.8,7,41.2,92,695,404,17,8,9,5,2,92,44
491,Tomáš Souček,cz CZE,MF,West Ham,29-062,1995,28.9,1202,167,398,593,214,67,1202,10,3,30,7,70,470,1659,518,7,12,2,17,11,601,36
492,Vinicius Souza,br BRA,MF,Sheffield Utd,24-317,1999,27.5,1272,116,429,666,190,35,1272,29,17,58.6,10,34.5,538,2492,901,7,6,5,32,25,647,19
493,Jason Steele,eng ENG,GK,Brighton,33-255,1990,16,683,606,678,5,0,0,683,0,0,,0,,470,1852,943,0,0,0,0,0,459,0
494,Raheem Sterling,eng ENG,"FW,MF",Chelsea,29-143,1994,20.8,962,6,65,299,616,161,962,124,41,33.1,67,54,707,4849,2909,115,49,62,50,44,777,238
495,John Stones,eng ENG,"DF,MF",Manchester City,29-337,1994,11.6,879,51,224,471,189,10,879,6,1,16.7,4,66.7,579,3156,1555,16,24,1,5,6,716,24
496,Thomas Strakosha,al ALB,GK,Brentford,29-041,1995,1.5,75,62,74,1,0,0,75,0,0,,0,,35,156,88,0,0,0,0,0,32,0
497,Dominik Szoboszlai,hu HUN,MF,Liverpool,23-187,2000,23,1759,35,234,854,693,66,1759,55,24,43.6,27,49.1,1022,5332,2786,73,65,21,27,25,1209,153
498,Matt Targett,eng ENG,DF,Newcastle Utd,28-224,1995,0.9,51,1,22,25,5,0,51,2,0,0,1,50,34,153,91,1,1,0,0,0,33,0
499,James Tarkowski,eng ENG,DF,Everton,31-162,1992,35,1865,326,922,794,162,77,1865,19,15,78.9,4,21.1,851,4632,2835,15,10,0,14,14,990,20
500,Nuno Tavares,pt POR,DF,Nott'ham Forest,24-094,2000,5.1,343,20,118,123,109,6,343,9,6,66.7,3,33.3,166,940,564,14,12,2,10,4,186,12
501,Marcus Tavernier,eng ENG,FW,Bournemouth,25-038,1999,22.6,1193,34,179,387,652,89,1193,104,43,41.3,55,52.9,664,4761,2322,76,77,24,52,38,734,168
502,Charlie Taylor,eng ENG,DF,Burnley,30-224,1993,24.1,1461,113,480,640,351,18,1461,17,9,52.9,6,35.3,687,3110,1419,35,18,5,17,10,807,77
503,Kenny Tete,nl NED,DF,Fulham,28-203,1995,8.6,577,39,187,246,150,9,577,19,9,47.4,9,47.4,267,1288,588,19,13,1,8,3,318,36
504,Luke Thomas,eng ENG,DF,Sheffield Utd,22-324,2001,10.2,430,34,160,188,88,11,430,10,5,50,4,40,191,803,391,8,7,1,11,5,230,22
505,Youri Tielemans,be BEL,"MF,FW",Aston Villa,26-358,1997,17.3,1060,39,202,571,294,26,1060,28,14,50,10,35.7,614,2787,1334,23,27,7,16,21,740,46
506,Jurriën Timber,nl NED,DF,Arsenal,22-317,2001,0.5,51,0,8,38,5,0,51,0,0,,0,,39,127,86,0,2,0,0,0,39,3
507,Harry Toffolo,eng ENG,DF,Nott'ham Forest,28-254,1995,14.9,692,61,260,276,161,12,692,3,1,33.3,2,66.7,257,865,408,9,6,1,7,5,323,34
508,Takehiro Tomiyasu,jp JPN,DF,Arsenal,25-176,1998,9.8,663,26,147,313,207,21,663,11,4,36.4,6,54.5,400,1833,938,16,12,2,10,3,438,30
509,James Tomkins,eng ENG,DF,Crystal Palace,35-031,1989,0.1,14,2,8,5,1,0,14,0,0,,0,,3,11,5,0,0,0,0,0,4,0
510,Sandro Tonali,it ITA,MF,Newcastle Utd,23-357,2000,4.9,307,5,60,179,70,8,307,6,3,50,2,33.3,191,965,409,11,4,1,4,2,257,21
511,Ivan Toney,eng ENG,FW,Brentford,28-044,1996,13.1,524,15,64,225,241,58,524,20,8,40,9,45,294,1412,673,19,14,13,44,17,391,87
512,Pau Torres,es ESP,DF,Aston Villa,27-104,1997,25.4,1847,257,913,815,136,20,1847,27,17,63,8,29.6,1301,8405,5501,39,40,0,8,12,1356,16
513,Andros Townsend,eng ENG,"MF,FW",Luton Town,32-288,1991,13.2,573,21,89,217,277,20,573,33,15,45.5,14,42.4,343,2390,1096,46,29,7,34,24,359,70
514,James Trafford,eng ENG,GK,Burnley,21-202,2002,28,1631,1036,1559,72,0,0,1631,2,2,100,0,0,1009,4620,2156,0,0,0,1,0,932,0
515,Adama Traoré,es ESP,"FW,MF",Fulham,28-095,1996,2.5,140,3,19,40,84,15,140,15,9,60,5,33.3,98,903,520,19,9,8,11,8,108,31
516,Bertrand Traoré,bf BFA,"DF,FW",Aston Villa,28-236,1995,0.1,7,0,5,2,0,0,7,1,0,0,1,100,4,54,0,0,0,0,1,1,4,0
517,Boubacar Traoré,ml MLI,MF,Wolves,22-253,2001,7.3,454,13,103,280,77,2,454,12,8,66.7,3,25,239,1159,447,7,12,1,12,15,291,12
518,Mark Travers,ie IRL,GK,Bournemouth,24-347,1999,2,70,56,70,0,0,0,70,0,0,,0,,32,176,94,0,0,0,0,0,28,0
519,Mike Trésor,be BEL,"FW,MF",Burnley,24-337,1999,4.6,234,7,48,74,119,6,234,21,11,52.4,10,47.6,134,773,437,15,7,3,8,6,147,30
520,Kieran Trippier,eng ENG,DF,Newcastle Utd,33-223,1990,24,2277,93,707,946,646,35,2277,22,16,72.7,6,27.3,1051,4171,2011,34,37,5,20,9,1371,123
521,Leandro Trossard,be BEL,"FW,MF",Arsenal,29-147,1994,15.8,808,14,98,288,433,110,808,44,25,56.8,15,34.1,517,3201,1529,60,33,24,40,35,573,133
522,Auston Trusty,us USA,DF,Sheffield Utd,25-261,1998,25.6,1109,206,608,407,98,26,1109,11,5,45.5,5,45.5,447,1797,725,10,7,2,17,3,501,12
523,Kostas Tsimikas,gr GRE,DF,Liverpool,27-353,1996,7.5,573,17,119,235,225,17,573,15,4,26.7,10,66.7,310,1689,861,24,20,3,9,4,338,73
524,Matt Turner,us USA,GK,Nott'ham Forest,29-310,1994,17,616,489,611,6,0,0,616,0,0,,0,,319,1984,1372,0,0,0,1,0,230,0
525,Destiny Udogie,it ITA,DF,Tottenham,21-153,2002,26.6,1775,96,487,815,506,71,1775,58,24,41.4,26,44.8,974,6108,3320,83,65,19,49,26,1028,138
526,Lesley Ugochukwu,fr FRA,MF,Chelsea,20-034,2004,3,194,10,60,112,25,1,194,6,3,50,1,16.7,120,564,310,6,2,1,3,3,148,2
527,Enes Ünal,tr TUR,"FW,MF",Bournemouth,26-355,1997,2.5,115,8,11,48,57,21,115,10,2,20,7,70,68,259,102,3,3,1,11,8,83,18
528,Virgil van Dijk,nl NED,DF,Liverpool,32-296,1991,32.3,3001,342,1226,1648,134,72,3001,4,2,50,1,25,1858,9137,4916,32,19,0,5,3,2098,6
529,Raphaël Varane,fr FRA,DF,Manchester Utd,31-004,1993,15,934,175,462,430,44,11,934,2,1,50,1,50,541,3488,2137,16,11,0,6,2,561,2
530,Alejo Véliz,ar ARG,FW,Tottenham,20-223,2003,0.6,18,0,1,6,11,4,18,2,1,50,1,50,8,19,9,0,0,0,2,2,10,3
531,Joël Veltman,nl NED,DF,Brighton,32-105,1992,16.2,1052,89,354,502,201,15,1052,11,1,9.1,5,45.5,574,2449,1031,23,15,0,20,5,630,50
532,Micky van de Ven,nl NED,DF,Tottenham,23-010,2001,21,1666,196,805,815,62,10,1666,20,11,55,7,35,1198,5481,2541,13,11,1,11,10,1248,2
533,Bart Verbruggen,nl NED,GK,Brighton,21-255,2002,18,798,688,789,9,0,0,798,1,1,100,0,0,585,2043,1070,0,0,0,0,0,522,0
534,Guglielmo Vicario,it ITA,GK,Tottenham,27-205,1996,33,1472,1104,1457,16,0,0,1472,0,0,,0,,886,3963,2270,0,0,0,0,0,842,0
535,Fabio Vieira,pt POR,"MF,FW",Arsenal,23-335,2000,3.3,184,2,14,76,97,20,183,9,2,22.2,6,66.7,111,561,298,12,3,6,7,5,141,30
536,Carlos Vinícius,br BRA,FW,Fulham,29-035,1995,3.5,102,1,11,49,45,15,102,8,2,25,6,75,66,322,91,3,4,2,11,7,80,13
537,Vitinho,br BRA,"DF,MF",Burnley,24-281,1999,23.4,1195,72,340,489,374,48,1195,53,24,45.3,21,39.6,583,3662,1957,57,36,17,31,25,619,101
538,Odisseas Vlachodimos,gr GRE,GK,Nott'ham Forest,30-003,1994,5,181,140,179,2,0,0,181,0,0,,0,,94,476,265,0,0,0,0,0,89,0
539,Kyle Walker,eng ENG,DF,Manchester City,33-337,1990,27,2309,72,468,1175,686,38,2309,33,20,60.6,10,30.3,1331,6687,3609,69,58,6,23,12,1685,164
540,Aaron Wan-Bissaka,eng ENG,DF,Manchester Utd,26-155,1997,15.8,1009,71,360,431,231,20,1009,27,15,55.6,6,22.2,497,2340,1165,24,22,4,18,5,571,44
541,Joel Ward,eng ENG,DF,Crystal Palace,34-183,1989,22,1166,106,436,551,187,10,1166,12,8,66.7,4,33.3,490,2018,1015,16,9,0,12,3,599,14
542,James Ward-Prowse,eng ENG,MF,West Ham,29-180,1994,30.8,1772,65,319,943,521,30,1769,20,11,55,7,35,830,3661,1515,18,26,6,14,11,1054,60
543,Deivid Washington,br BRA,"DF,FW",Chelsea,18-329,2005,0.1,5,0,1,3,1,1,5,1,0,0,1,100,2,6,0,0,0,0,0,1,2,1
544,Ollie Watkins,eng ENG,FW,Aston Villa,28-121,1995,33,891,27,54,337,509,203,891,55,22,40,27,49.1,542,2784,1296,55,34,37,75,52,709,202
545,Adam Webster,eng ENG,DF,Brighton,29-116,1995,8.7,915,76,356,491,70,8,915,1,0,0,1,100,619,3054,1774,11,13,0,4,1,695,2
546,Danny Welbeck,eng ENG,"FW,MF",Brighton,33-155,1990,15.6,621,20,63,288,276,61,621,24,7,29.2,14,58.3,369,1752,803,30,15,12,39,19,450,89
547,Timo Werner,de GER,FW,Tottenham,28-054,1996,9,451,3,32,119,302,69,451,30,12,40,12,40,327,2629,1549,79,27,36,11,5,352,124
548,Adam Wharton,eng ENG,MF,Crystal Palace,19-332,2004,11.5,583,24,117,331,142,4,583,4,1,25,1,25,270,1115,574,11,20,0,11,9,345,8
549,Ethan Wheatley,eng ENG,FW,Manchester Utd,18-100,2006,0,2,0,0,0,2,0,2,0,0,,0,,1,2,0,0,0,0,0,0,0,0
550,Ben White,eng ENG,DF,Arsenal,26-204,1997,30.4,2244,109,587,1063,610,56,2244,20,8,40,11,55,1210,4402,2399,40,31,9,25,8,1543,151
551,Joe White,eng ENG,MF,Newcastle Utd,21-211,2002,0.1,13,1,3,6,4,0,13,0,0,,0,,9,80,41,2,0,0,0,0,9,3
552,Neco Williams,wls WAL,DF,Nott'ham Forest,23-016,2001,18.2,1080,71,378,422,298,30,1080,44,19,43.2,18,40.9,496,3101,1631,48,24,6,38,27,526,86
553,Willian,br BRA,FW,Fulham,35-264,1988,21.6,1277,15,143,493,655,72,1275,58,25,43.1,24,41.4,872,5667,2809,89,69,28,34,24,1000,179
554,Joe Willock,eng ENG,MF,Newcastle Utd,24-253,1999,4.7,225,3,42,107,80,18,225,18,7,38.9,11,61.1,133,891,490,16,5,5,14,6,156,26
555,Callum Wilson,eng ENG,FW,Newcastle Utd,32-062,1992,10.1,277,5,10,122,151,69,275,30,13,43.3,14,46.7,194,931,305,11,7,12,41,33,228,67
556,Harry Wilson,wls WAL,FW,Fulham,27-038,1997,16.8,772,23,113,325,346,48,772,32,13,40.6,16,50,472,3016,1386,36,21,14,32,11,561,123
557,Yoane Wissa,cd COD,FW,Brentford,27-239,1996,26.2,699,19,110,268,341,114,699,49,20,40.8,21,42.9,381,2387,1274,42,31,18,56,19,442,139
558,Chris Wood,nz NZL,FW,Nott'ham Forest,32-144,1991,17.3,534,31,74,255,205,79,534,17,6,35.3,9,52.9,247,786,407,14,7,6,44,18,390,63
559,Cauley Woodrow,eng ENG,"FW,MF",Luton Town,29-149,1994,4.3,191,16,36,71,86,20,191,3,2,66.7,1,33.3,101,459,173,6,5,1,8,8,138,21
560,Joe Worrall,eng ENG,DF,Nott'ham Forest,27-110,1997,4.9,216,55,138,72,8,7,216,0,0,,0,,105,410,111,0,0,0,0,0,124,1
561,Yehor Yarmoliuk,ua UKR,MF,Brentford,20-059,2004,7.2,371,13,72,154,150,19,371,24,16,66.7,5,20.8,185,1087,379,10,6,2,15,10,196,32
562,Ryan Yates,eng ENG,MF,Nott'ham Forest,26-160,1997,19.7,1023,51,305,511,213,39,1023,8,3,37.5,4,50,407,1825,872,16,12,0,20,10,505,36
563,Ashley Young,eng ENG,"DF,MF",Everton,38-295,1985,22.6,1114,60,311,467,349,20,1114,26,11,42.3,12,46.2,525,2620,1329,39,22,5,16,13,552,58
564,Illia Zabarnyi,ua UKR,DF,Bournemouth,21-241,2002,34,2004,282,1043,902,66,17,2004,12,8,66.7,2,16.7,1190,6582,3997,21,13,0,14,2,1259,1
565,Nicolò Zaniolo,it ITA,"FW,MF",Aston Villa,24-302,1999,9.2,396,11,53,169,180,58,396,48,13,27.1,30,62.5,263,1842,905,35,16,15,31,36,279,59
566,Anass Zaroury,ma MAR,"FW,MF",Burnley,23-174,2000,1.7,87,1,12,39,37,4,87,6,2,33.3,3,50,60,362,91,2,2,0,3,2,68,12
567,Oleksandr Zinchenko,ua UKR,DF,Arsenal,27-136,1996,18.8,1684,45,332,865,497,28,1684,14,7,50,5,35.7,978,4621,2239,39,26,7,10,15,1144,57
568,Kurt Zouma,fr FRA,DF,West Ham,29-185,1994,28.5,1332,238,714,589,32,27,1332,2,2,100,0,0,726,3478,1909,7,4,1,12,3,796,1
569,Martin Ødegaard,no NOR,MF,Arsenal,25-134,1998,31.4,2121,22,231,863,1041,144,2119,72,32,44.4,35,48.6,1424,7284,3115,83,70,32,49,54,1667,179